Workbook

Sheet PROBLEM
A1: You are working with the National Statistical Office which is equipped to release inflation numbers in India. As an analyst, you are provided with CPl data and are equipped to find out insights from the data. Your senior wants you to find key trends and deep dive into the data to answer the following questions - 1. Based on the latest month's data, identify the contribution of different broader categories (food, energy, transportation, education, etc.) towards the CPI basket. Broader categories (buckets) can be created by combining similar categories into one bucket; Ex.: Meals, Beverages, Cereals, can be clubbed to create "Food" category, etc. • Which broader category has the highest contribution towards towards CPI calculation • Contribution is calculated by evaluating the underlying index values for broader category and should add to 100% when contribution from different broader categories are added. 2. A trend of Y-o-Y increase in CPI (rural + urban) inflation starting 2017 for the entire basket of products combined. • Create a graph depicting the growth rate Y-o-Y and identify the year with highest inflation rate • Highlight the reason why the year has the highest inflation (based on research). Prev 3. With India's retail inflation reaching a 3-month high of 5.55% in November 2023, largely due to a sharp rise in food prices. Analyze the following for 12 months ending May'23 • Investigate trends in the prices of broader food bucket category and evaluate month-on-month changes. Highlight month with highest and lowest food inflation • Identify the absolute changes in inflation over the same 12 months period and identify the biggest individual category contributor (only within broader food category) towards inflation 4. Investigate how the onset and progression of the COVID-19 pandemic affected inflation rates in India. Analyze the Impact of key pandemic milestone (first lockdown) on the CPI inflation %, specially focus on categories like healthcare, food, and essential services. Hint: You can consider Mar'20 as the onset of covid, and can compare the inflation trend before and after Mar'20 to see if there is a change in inflation % before and after. 5. Investigate how major global economic events (like imported crude oil price fluctuations) have influenced India's inflation. This can include an analysis of imported goods and their price trends. • For the purpose of this analysis, focus only on the imported oil price fluctuations for years 2021 to 2023 (Month-on-month • Identify trends in oil price change with change in inflation prices of all the categories and identify category whose inflation prices strongly changes with fluctuations in imported oil price (Hint: you can use =correl function)

Sheet Formula Used
A1: Problems | B1: ACTION/FORMULA
A2: To find the count of missing values | B2: COUNTBLANK, [COUNTIF(RANGE,"NA") + COUNTIF(RANGE,"-")]
A3: To Fill the missing values cells | B3: AVERAGE(PREVIOUS TWO VALUES OF SAME SECTOR)
A4: To Unpivot the data | B4: USED POWER QUERY>TRANFORM DATA>UNPIVOT OTHER COLUMNS
A5: To Merge the queries | B5: USED POWER QUERY>MERGE QUERIES
A6: CPI for a year | B6: AVERAGE VALUES OF ALL CATEGORIES FOR THE SAME YEAR
A7: To find the Inflation | B7: (CURRENT MONTH/YEAR-PREVIOUS MONTH/YEAR)/PREVIOUS MONTH/YEAR * 100
A8: To find the Correlation between Crude Oil & Different Categories | B8: CORREL(RANGE OF CRUIDE OIL PRICE,RANGE OF RESPECTIVE CATEGORY)

Sheet All_India_Index_Upto_April23 (1
A1: =COUNTIF(A2:A373, "NA") + COUNTIF(A2:A373, "-") -> 0 | B1: =COUNTIF(B2:B373, "NA") + COUNTIF(B2:B373, "-") -> 0 | C1: =COUNTIF(C2:C373, "NA") + COUNTIF(C2:C373, "-") -> 0 | D1: =COUNTIF(D2:D373, "NA") + COUNTIF(D2:D373, "-") -> 3 | E1: =COUNTIF(E2:E373, "NA") + COUNTIF(E2:E373, "-") -> 6 | F1: =COUNTIF(F2:F373, "NA") + COUNTIF(F2:F373, "-") -> 3 | G1: =COUNTIF(G2:G373, "NA") + COUNTIF(G2:G373, "-") -> 3 | H1: =COUNTIF(H2:H373, "NA") + COUNTIF(H2:H373, "-") -> 3 | ... AD1: =COUNTIF(AD2:AD373, "NA") + COUNTIF(AD2:AD373, "-") -> 6
A2: Sector | B2: Year | C2: Month | D2: Cereals and products | E2: Meat and fish | F2: Egg | G2: Milk and products | H2: Oils and fats | I2: Fruits | J2: Vegetables | K2: Pulses and products | L2: Sugar and Confectionery | M2: Spices | N2: Non-alcoholic beverages | O2: Prepared meals, snacks, sweets etc. | P2: Food and beverages | Q2: Pan, tobacco and intoxicants | R2: Clothing | S2: Footwear | T2: Clothing and footwear | U2: Housing | V2: Fuel and light | W2: Household goods and services | X2: Health | Y2: Transport and communication | Z2: Recreation and amusement | AA2: Education | AB2: Personal care and effects | AC2: Miscellaneous | AD2: General index
A3: Rural | B3: 2013 | C3: January | D3: 107.5 | E3: 106.3 | F3: 108.1 | G3: 104.9 | H3: 106.1 | I3: 103.9 | J3: 101.9 | K3: 106.1 | L3: 106.8 | M3: 103.1 | N3: 104.8 | O3: 106.7 | P3: 105.5 | Q3: 105.1 | R3: 106.5 | S3: 105.8 | T3: 106.4 | U3: NA | V3: 105.5 | W3: 104.8 | X3: 104 | Y3: 103.3 | Z3: 103.4 | AA3: 103.8 | AB3: 104.7 | AC3: 104 | AD3: 105.1
A4: Urban | B4: 2013 | C4: January | D4: 110.5 | E4: 109.1 | F4: 113 | G4: 103.6 | H4: 103.4 | I4: 102.3 | J4: 102.9 | K4: 105.8 | L4: 105.1 | M4: 101.8 | N4: 105.1 | O4: 107.9 | P4: 105.9 | Q4: 105.2 | R4: 105.9 | S4: 105 | T4: 105.8 | U4: 100.3 | V4: 105.4 | W4: 104.8 | X4: 104.1 | Y4: 103.2 | Z4: 102.9 | AA4: 103.5 | AB4: 104.3 | AC4: 103.7 | AD4: 104
A5: Rural+Urban | B5: 2013 | C5: January | D5: 108.4 | E5: 107.3 | F5: 110 | G5: 104.4 | H5: 105.1 | I5: 103.2 | J5: 102.2 | K5: 106 | L5: 106.2 | M5: 102.7 | N5: 104.9 | O5: 107.3 | P5: 105.6 | Q5: 105.1 | R5: 106.3 | S5: 105.5 | T5: 106.2 | U5: 100.3 | V5: 105.5 | W5: 104.8 | X5: 104 | Y5: 103.2 | Z5: 103.1 | AA5: 103.6 | AB5: 104.5 | AC5: 103.9 | AD5: 104.6
A6: Rural | B6: 2013 | C6: February | D6: 109.2 | E6: 108.7 | F6: 110.2 | G6: 105.4 | H6: 106.7 | I6: 104 | J6: 102.4 | K6: 105.9 | L6: 105.7 | M6: 103.1 | N6: 105.1 | O6: 107.7 | P6: 106.3 | Q6: 105.6 | R6: 107.1 | S6: 106.3 | T6: 107 | U6: NA | V6: 106.2 | W6: 105.2 | X6: 104.4 | Y6: 103.9 | Z6: 104 | AA6: 104.1 | AB6: 104.6 | AC6: 104.4 | AD6: 105.8
A7: Urban | B7: 2013 | C7: February | D7: 112.9 | E7: 112.9 | F7: 116.9 | G7: 104 | H7: 103.5 | I7: 103.1 | J7: 104.9 | K7: 104.1 | L7: 103.8 | M7: 102.3 | N7: 106 | O7: 109 | P7: 107.2 | Q7: 106 | R7: 106.6 | S7: 105.5 | T7: 106.4 | U7: 100.4 | V7: 105.7 | W7: 105.2 | X7: 104.7 | Y7: 104.4 | Z7: 103.3 | AA7: 103.7 | AB7: 104.3 | AC7: 104.3 | AD7: 104.7
A8: Rural+Urban | B8: 2013 | C8: February | D8: 110.4 | E8: 110.2 | F8: 112.8 | G8: 104.9 | H8: 105.5 | I8: 103.6 | J8: 103.2 | K8: 105.3 | L8: 105.1 | M8: 102.8 | N8: 105.5 | O8: 108.3 | P8: 106.6 | Q8: 105.7 | R8: 106.9 | S8: 106 | T8: 106.8 | U8: 100.4 | V8: 106 | W8: 105.2 | X8: 104.5 | Y8: 104.2 | Z8: 103.6 | AA8: 103.9 | AB8: 104.5 | AC8: 104.4 | AD8: 105.3
A9: Rural | B9: 2013 | C9: March | D9: 110.2 | E9: 108.8 | F9: 109.9 | G9: 105.6 | H9: 106.2 | I9: 105.7 | J9: 101.4 | K9: 105.7 | L9: 105 | M9: 103.3 | N9: 105.6 | O9: 108.2 | P9: 106.6 | Q9: 106.5 | R9: 107.6 | S9: 106.8 | T9: 107.5 | U9: NA | V9: 106.1 | W9: 105.6 | X9: 104.7 | Y9: 104.6 | Z9: 104 | AA9: 104.3 | AB9: 104.3 | AC9: 104.6 | AD9: 106
A10: Urban | B10: 2013 | C10: March | D10: 113.9 | E10: 111.4 | F10: 113.2 | G10: 104.3 | H10: 102.7 | I10: 104.9 | J10: 103.8 | K10: 103.5 | L10: 102.6 | M10: 102.4 | N10: 107 | O10: 109.8 | P10: 107.3 | Q10: 106.8 | R10: 107.2 | S10: 106 | T10: 107 | U10: 100.4 | V10: 106 | W10: 105.7 | X10: 105.2 | Y10: 105.5 | Z10: 103.5 | AA10: 103.8 | AB10: 104.2 | AC10: 104.9 | AD10: 105
A11: Rural+Urban | B11: 2013 | C11: March | D11: 111.4 | E11: 109.7 | F11: 111.2 | G11: 105.1 | H11: 104.9 | I11: 105.3 | J11: 102.2 | K11: 105 | L11: 104.2 | M11: 103 | N11: 106.2 | O11: 108.9 | P11: 106.9 | Q11: 106.6 | R11: 107.4 | S11: 106.5 | T11: 107.3 | U11: 100.4 | V11: 106.1 | W11: 105.6 | X11: 104.9 | Y11: 105.1 | Z11: 103.7 | AA11: 104 | AB11: 104.3 | AC11: 104.7 | AD11: 105.5
A12: Rural | B12: 2013 | C12: April | D12: 110.2 | E12: 109.5 | F12: 106.9 | G12: 106.3 | H12: 105.7 | I12: 108.3 | J12: 103.4 | K12: 105.7 | L12: 104.2 | M12: 103.2 | N12: 106.5 | O12: 108.8 | P12: 107.1 | Q12: 107.1 | R12: 108.1 | S12: 107.4 | T12: 108 | U12: NA | V12: 106.5 | W12: 106.1 | X12: 105.1 | Y12: 104.4 | Z12: 104.5 | AA12: 104.8 | AB12: 102.7 | AC12: 104.6 | AD12: 106.4
A13: Urban | B13: 2013 | C13: April | D13: 114.6 | E13: 113.4 | F13: 106 | G13: 104.7 | H13: 102.1 | I13: 109.5 | J13: 109.7 | K13: 104.6 | L13: 102 | M13: 103.5 | N13: 108.2 | O13: 110.6 | P13: 108.8 | Q13: 108.5 | R13: 107.9 | S13: 106.4 | T13: 107.7 | U13: 100.5 | V13: 106.4 | W13: 106.5 | X13: 105.7 | Y13: 105 | Z13: 104 | AA13: 105.2 | AB13: 103.2 | AC13: 105.1 | AD13: 105.7
A14: Rural+Urban | B14: 2013 | C14: April | D14: 111.6 | E14: 110.9 | F14: 106.6 | G14: 105.7 | H14: 104.4 | I14: 108.9 | J14: 105.5 | K14: 105.3 | L14: 103.5 | M14: 103.3 | N14: 107.2 | O14: 109.6 | P14: 107.7 | Q14: 107.5 | R14: 108 | S14: 107 | T14: 107.9 | U14: 100.5 | V14: 106.5 | W14: 106.3 | X14: 105.3 | Y14: 104.7 | Z14: 104.2 | AA14: 105 | AB14: 102.9 | AC14: 104.8 | AD14: 106.1
A15: Rural | B15: 2013 | C15: May | D15: 110.9 | E15: 109.8 | F15: 105.9 | G15: 107.5 | H15: 105.3 | I15: 108.1 | J15: 107.3 | K15: 106.1 | L15: 103.7 | M15: 104 | N15: 107.4 | O15: 109.9 | P15: 108.1 | Q15: 108.1 | R15: 108.8 | S15: 107.9 | T15: 108.6 | U15: NA | V15: 107.5 | W15: 106.8 | X15: 105.7 | Y15: 104.1 | Z15: 105 | AA15: 105.5 | AB15: 102.1 | AC15: 104.8 | AD15: 107.2
A16: Urban | B16: 2013 | C16: May | D16: 115.4 | E16: 114.2 | F16: 102.7 | G16: 105.5 | H16: 101.5 | I16: 110.6 | J16: 123.7 | K16: 105.2 | L16: 101.9 | M16: 105 | N16: 109.1 | O16: 111.3 | P16: 111.1 | Q16: 109.8 | R16: 108.5 | S16: 106.7 | T16: 108.3 | U16: 100.5 | V16: 107.2 | W16: 107.1 | X16: 106.2 | Y16: 103.9 | Z16: 104.6 | AA16: 105.7 | AB16: 102.6 | AC16: 104.9 | AD16: 106.6
A17: Rural+Urban | B17: 2013 | C17: May | D17: 112.3 | E17: 111.3 | F17: 104.7 | G17: 106.8 | H17: 103.9 | I17: 109.3 | J17: 112.9 | K17: 105.8 | L17: 103.1 | M17: 104.3 | N17: 108.1 | O17: 110.5 | P17: 109.2 | Q17: 108.6 | R17: 108.7 | S17: 107.4 | T17: 108.5 | U17: 100.5 | V17: 107.4 | W17: 106.9 | X17: 105.9 | Y17: 104 | Z17: 104.8 | AA17: 105.6 | AB17: 102.3 | AC17: 104.8 | AD17: 106.9
A18: Rural | B18: 2013 | C18: June | D18: 112.3 | E18: 112.1 | F18: 108.1 | G18: 108.3 | H18: 105.9 | I18: 109.2 | J18: 118 | K18: 106.8 | L18: 104.1 | M18: 105.4 | N18: 108.2 | O18: 111 | P18: 110.6 | Q18: 109 | R18: 109.7 | S18: 108.8 | T18: 109.5 | U18: NA | V18: 108.5 | W18: 107.5 | X18: 106.3 | Y18: 105 | Z18: 105.6 | AA18: 106.5 | AB18: 102.5 | AC18: 105.5 | AD18: 108.9
A19: Urban | B19: 2013 | C19: June | D19: 117 | E19: 120.1 | F19: 112.5 | G19: 107.3 | H19: 101.3 | I19: 112.4 | J19: 143.6 | K19: 105.4 | L19: 101.4 | M19: 106.4 | N19: 110 | O19: 112.2 | P19: 115 | Q19: 110.9 | R19: 109.2 | S19: 107.2 | T19: 108.9 | U19: 106.6 | V19: 108 | W19: 107.7 | X19: 106.5 | Y19: 105.2 | Z19: 105.2 | AA19: 108.1 | AB19: 103.3 | AC19: 106.1 | AD19: 109.7
A20: Rural+Urban | B20: 2013 | C20: June | D20: 113.8 | E20: 114.9 | F20: 109.8 | G20: 107.9 | H20: 104.2 | I20: 110.7 | J20: 126.7 | K20: 106.3 | L20: 103.2 | M20: 105.7 | N20: 109 | O20: 111.6 | P20: 112.2 | Q20: 109.5 | R20: 109.5 | S20: 108.1 | T20: 109.3 | U20: 106.6 | V20: 108.3 | W20: 107.6 | X20: 106.4 | Y20: 105.1 | Z20: 105.4 | AA20: 107.4 | AB20: 102.8 | AC20: 105.8 | AD20: 109.3
A21: Rural | B21: 2013 | C21: July | D21: 113.4 | E21: 114.9 | F21: 110.5 | G21: 109.3 | H21: 106.2 | I21: 110.3 | J21: 129.2 | K21: 107.1 | L21: 104.3 | M21: 106.4 | N21: 109.1 | O21: 112.1 | P21: 113.1 | Q21: 109.8 | R21: 110.5 | S21: 109.5 | T21: 110.3 | U21: NA | V21: 109.5 | W21: 108.3 | X21: 106.9 | Y21: 106.8 | Z21: 106.4 | AA21: 107.8 | AB21: 102.5 | AC21: 106.5 | AD21: 110.7
A22: Urban | B22: 2013 | C22: July | D22: 117.8 | E22: 119.2 | F22: 114 | G22: 108.3 | H22: 101.1 | I22: 113.2 | J22: 160.9 | K22: 105.1 | L22: 101.3 | M22: 107.5 | N22: 110.4 | O22: 113.1 | P22: 117.5 | Q22: 111.7 | R22: 109.8 | S22: 107.8 | T22: 109.5 | U22: 107.7 | V22: 108.6 | W22: 108.1 | X22: 107.1 | Y22: 107.3 | Z22: 105.9 | AA22: 110.1 | AB22: 103.2 | AC22: 107.3 | AD22: 111.4
A23: Rural+Urban | B23: 2013 | C23: July | D23: 114.8 | E23: 116.4 | F23: 111.9 | G23: 108.9 | H23: 104.3 | I23: 111.7 | J23: 140 | K23: 106.4 | L23: 103.3 | M23: 106.8 | N23: 109.6 | O23: 112.6 | P23: 114.7 | Q23: 110.3 | R23: 110.2 | S23: 108.8 | T23: 110 | U23: 107.7 | V23: 109.2 | W23: 108.2 | X23: 107 | Y23: 107.1 | Z23: 106.1 | AA23: 109.1 | AB23: 102.8 | AC23: 106.9 | AD23: 111
A24: Rural | B24: 2013 | C24: August | D24: 114.3 | E24: 115.4 | F24: 111.1 | G24: 110 | H24: 106.4 | I24: 110.8 | J24: 138.9 | K24: 107.4 | L24: 104.1 | M24: 106.9 | N24: 109.7 | O24: 112.6 | P24: 114.9 | Q24: 110.7 | R24: 111.3 | S24: 110.2 | T24: 111.1 | U24: NA | V24: 109.9 | W24: 108.7 | X24: 107.5 | Y24: 107.8 | Z24: 106.8 | AA24: 108.7 | AB24: 105 | AC24: 107.5 | AD24: 112.1
A25: Urban | B25: 2013 | C25: August | D25: 118.3 | E25: 120.4 | F25: 112.7 | G25: 108.9 | H25: 101.1 | I25: 108.7 | J25: 177 | K25: 104.7 | L25: 101 | M25: 108.5 | N25: 110.9 | O25: 114.3 | P25: 119.6 | Q25: 112.4 | R25: 110.6 | S25: 108.3 | T25: 110.2 | U25: 108.9 | V25: 109.3 | W25: 108.7 | X25: 107.6 | Y25: 108.1 | Z25: 106.5 | AA25: 110.8 | AB25: 106 | AC25: 108.3 | AD25: 112.7
A26: Rural+Urban | B26: 2013 | C26: August | D26: 115.6 | E26: 117.2 | F26: 111.7 | G26: 109.6 | H26: 104.5 | I26: 109.8 | J26: 151.8 | K26: 106.5 | L26: 103.1 | M26: 107.4 | N26: 110.2 | O26: 113.4 | P26: 116.6 | Q26: 111.2 | R26: 111 | S26: 109.4 | T26: 110.7 | U26: 108.9 | V26: 109.7 | W26: 108.7 | X26: 107.5 | Y26: 108 | Z26: 106.6 | AA26: 109.9 | AB26: 105.4 | AC26: 107.9 | AD26: 112.4
A27: Rural | B27: 2013 | C27: September | D27: 115.4 | E27: 115.7 | F27: 111.7 | G27: 111 | H27: 107.4 | I27: 110.9 | J27: 154 | K27: 108.1 | L27: 104.2 | M27: 107.9 | N27: 110.4 | O27: 114 | P27: 117.8 | Q27: 111.7 | R27: 112.7 | S27: 111.4 | T27: 112.5 | U27: NA | V27: 111.1 | W27: 109.6 | X27: 108.3 | Y27: 109.3 | Z27: 107.7 | AA27: 109.8 | AB27: 106.7 | AC27: 108.7 | AD27: 114.2
A28: Urban | B28: 2013 | C28: September | D28: 118.6 | E28: 119.1 | F28: 113.2 | G28: 109.6 | H28: 101.7 | I28: 103.2 | J28: 174.3 | K28: 105.1 | L28: 100.8 | M28: 109.1 | N28: 111.1 | O28: 115.4 | P28: 119.2 | Q28: 112.9 | R28: 111.4 | S28: 109 | T28: 111.1 | U28: 109.7 | V28: 109.5 | W28: 109.6 | X28: 107.9 | Y28: 110.4 | Z28: 107.4 | AA28: 111.2 | AB28: 106.9 | AC28: 109.4 | AD28: 113.2
A29: Rural+Urban | B29: 2013 | C29: September | D29: 116.4 | E29: 116.9 | F29: 112.3 | G29: 110.5 | H29: 105.3 | I29: 107.3 | J29: 160.9 | K29: 107.1 | L29: 103.1 | M29: 108.3 | N29: 110.7 | O29: 114.6 | P29: 118.3 | Q29: 112 | R29: 112.2 | S29: 110.4 | T29: 111.9 | U29: 109.7 | V29: 110.5 | W29: 109.6 | X29: 108.1 | Y29: 109.9 | Z29: 107.5 | AA29: 110.6 | AB29: 106.8 | AC29: 109 | AD29: 113.7
A30: Rural | B30: 2013 | C30: October | D30: 116.3 | E30: 115.4 | F30: 112.6 | G30: 111.7 | H30: 107.7 | I30: 113.2 | J30: 164.9 | K30: 108.3 | L30: 103.9 | M30: 108.2 | N30: 111.1 | O30: 114.9 | P30: 119.8 | Q30: 112.2 | R30: 113.6 | S30: 112.3 | T30: 113.4 | U30: NA | V30: 111.6 | W30: 110.4 | X30: 108.9 | Y30: 109.3 | Z30: 108.3 | AA30: 110.2 | AB30: 107.5 | AC30: 109.1 | AD30: 115.5
A31: Urban | B31: 2013 | C31: October | D31: 118.9 | E31: 118.1 | F31: 114.5 | G31: 110.4 | H31: 102.3 | I31: 106.2 | J31: 183.5 | K31: 105.3 | L31: 100.2 | M31: 109.6 | N31: 111.4 | O31: 116 | P31: 120.8 | Q31: 113.5 | R31: 112.5 | S31: 109.7 | T31: 112 | U31: 110.5 | V31: 109.7 | W31: 110.2 | X31: 108.2 | Y31: 109.7 | Z31: 108 | AA31: 111.3 | AB31: 107.3 | AC31: 109.4 | AD31: 114
A32: Rural+Urban | B32: 2013 | C32: October | D32: 117.1 | E32: 116.3 | F32: 113.3 | G32: 111.2 | H32: 105.7 | I32: 109.9 | J32: 171.2 | K32: 107.3 | L32: 102.7 | M32: 108.7 | N32: 111.2 | O32: 115.4 | P32: 120.2 | Q32: 112.5 | R32: 113.2 | S32: 111.2 | T32: 112.8 | U32: 110.5 | V32: 110.9 | W32: 110.3 | X32: 108.6 | Y32: 109.5 | Z32: 108.1 | AA32: 110.8 | AB32: 107.4 | AC32: 109.2 | AD32: 114.8
A33: Rural | B33: 2013 | C33: November | D33: 117.3 | E33: 114.9 | F33: 116.2 | G33: 112.8 | H33: 108.9 | I33: 116.6 | J33: 178.1 | K33: 109.1 | L33: 103.6 | M33: 109 | N33: 111.8 | O33: 116 | P33: 122.5 | Q33: 112.8 | R33: 114.6 | S33: 113.1 | T33: 114.4 | U33: NA | V33: 112.6 | W33: 111.3 | X33: 109.7 | Y33: 109.6 | Z33: 108.7 | AA33: 111 | AB33: 108.2 | AC33: 109.8 | AD33: 117.4
A34: Urban | B34: 2013 | C34: November | D34: 119.8 | E34: 116.3 | F34: 122.6 | G34: 112 | H34: 103.2 | I34: 110 | J34: 192.8 | K34: 106.3 | L34: 99.5 | M34: 110.3 | N34: 111.8 | O34: 117.1 | P34: 122.9 | Q34: 114.1 | R34: 113.5 | S34: 110.3 | T34: 113 | U34: 111.1 | V34: 110 | W34: 110.9 | X34: 108.6 | Y34: 109.5 | Z34: 108.5 | AA34: 111.3 | AB34: 107.9 | AC34: 109.6 | AD34: 115
A35: Rural+Urban | B35: 2013 | C35: November | D35: 118.1 | E35: 115.4 | F35: 118.7 | G35: 112.5 | H35: 106.8 | I35: 113.5 | J35: 183.1 | K35: 108.2 | L35: 102.2 | M35: 109.4 | N35: 111.8 | O35: 116.5 | P35: 122.6 | Q35: 113.1 | R35: 114.2 | S35: 111.9 | T35: 113.8 | U35: 111.1 | V35: 111.6 | W35: 111.1 | X35: 109.3 | Y35: 109.5 | Z35: 108.6 | AA35: 111.2 | AB35: 108.1 | AC35: 109.7 | AD35: 116.3
A36: Rural | B36: 2013 | C36: December | D36: 118.4 | E36: 115.9 | F36: 120.4 | G36: 113.8 | H36: 109.5 | I36: 115.5 | J36: 145.7 | K36: 109.5 | L36: 102.9 | M36: 109.8 | N36: 112.1 | O36: 116.8 | P36: 118.7 | Q36: 113.6 | R36: 115.8 | S36: 114 | T36: 115.5 | U36: NA | V36: 112.8 | W36: 112.1 | X36: 110.1 | Y36: 109.9 | Z36: 109.2 | AA36: 111.6 | AB36: 108.1 | AC36: 110.1 | AD36: 115.5
A37: Urban | B37: 2013 | C37: December | D37: 120.5 | E37: 118.1 | F37: 128.5 | G37: 112.8 | H37: 103.4 | I37: 110.7 | J37: 144.8 | K37: 107.1 | L37: 98.6 | M37: 111.9 | N37: 112.1 | O37: 118.1 | P37: 117.8 | Q37: 115 | R37: 114.2 | S37: 110.9 | T37: 113.7 | U37: 110.7 | V37: 110.4 | W37: 111.3 | X37: 109 | Y37: 109.7 | Z37: 108.9 | AA37: 111.4 | AB37: 107.7 | AC37: 109.8 | AD37: 113.3
A38: Rural+Urban | B38: 2013 | C38: December | D38: 119.1 | E38: 116.7 | F38: 123.5 | G38: 113.4 | H38: 107.3 | I38: 113.3 | J38: 145.4 | K38: 108.7 | L38: 101.5 | M38: 110.5 | N38: 112.1 | O38: 117.4 | P38: 118.4 | Q38: 114 | R38: 115.2 | S38: 112.7 | T38: 114.8 | U38: 110.7 | V38: 111.9 | W38: 111.7 | X38: 109.7 | Y38: 109.8 | Z38: 109 | AA38: 111.5 | AB38: 107.9 | AC38: 110 | AD38: 114.5
A39: Rural | B39: 2014 | C39: January | D39: 118.9 | E39: 117.1 | F39: 120.5 | G39: 114.4 | H39: 109 | I39: 115.5 | J39: 123.9 | K39: 109.6 | L39: 101.8 | M39: 110.2 | N39: 112.4 | O39: 117.3 | P39: 116 | Q39: 114 | R39: 116.5 | S39: 114.5 | T39: 116.2 | U39: NA | V39: 113 | W39: 112.6 | X39: 110.6 | Y39: 110.5 | Z39: 109.6 | AA39: 111.8 | AB39: 108.3 | AC39: 110.6 | AD39: 114.2
A40: Urban | B40: 2014 | C40: January | D40: 121.2 | E40: 122 | F40: 129.9 | G40: 113.6 | H40: 102.9 | I40: 112.1 | J40: 118.9 | K40: 107.5 | L40: 96.9 | M40: 112.7 | N40: 112.1 | O40: 119 | P40: 115.5 | Q40: 115.7 | R40: 114.8 | S40: 111.3 | T40: 114.3 | U40: 111.6 | V40: 111 | W40: 111.9 | X40: 109.7 | Y40: 110.8 | Z40: 109.8 | AA40: 111.5 | AB40: 108 | AC40: 110.5 | AD40: 112.9
A41: Rural+Urban | B41: 2014 | C41: January | D41: 119.6 | E41: 118.8 | F41: 124.1 | G41: 114.1 | H41: 106.8 | I41: 113.9 | J41: 122.2 | K41: 108.9 | L41: 100.2 | M41: 111 | N41: 112.3 | O41: 118.1 | P41: 115.8 | Q41: 114.5 | R41: 115.8 | S41: 113.2 | T41: 115.4 | U41: 111.6 | V41: 112.2 | W41: 112.3 | X41: 110.3 | Y41: 110.7 | Z41: 109.7 | AA41: 111.6 | AB41: 108.2 | AC41: 110.6 | AD41: 113.6
A42: Rural | B42: 2014 | C42: February | D42: 119.4 | E42: 117.7 | F42: 121.2 | G42: 115 | H42: 109 | I42: 116.6 | J42: 116 | K42: 109.8 | L42: 101.1 | M42: 110.4 | N42: 112.9 | O42: 117.8 | P42: 115.3 | Q42: 114.2 | R42: 117.1 | S42: 114.5 | T42: 116.7 | U42: NA | V42: 113.2 | W42: 112.9 | X42: 110.9 | Y42: 110.8 | Z42: 109.9 | AA42: 112 | AB42: 108.7 | AC42: 110.9 | AD42: 114
A43: Urban | B43: 2014 | C43: February | D43: 121.9 | E43: 122 | F43: 124.5 | G43: 115.2 | H43: 102.5 | I43: 114.1 | J43: 111.5 | K43: 108.2 | L43: 95.4 | M43: 113.5 | N43: 112.1 | O43: 119.9 | P43: 115.2 | Q43: 116.2 | R43: 115.3 | S43: 111.7 | T43: 114.7 | U43: 112.5 | V43: 111.1 | W43: 112.6 | X43: 110.4 | Y43: 111.3 | Z43: 110.3 | AA43: 111.6 | AB43: 108.7 | AC43: 111 | AD43: 113.1
A44: Rural+Urban | B44: 2014 | C44: February | D44: 120.2 | E44: 119.2 | F44: 122.5 | G44: 115.1 | H44: 106.6 | I44: 115.4 | J44: 114.5 | K44: 109.3 | L44: 99.2 | M44: 111.4 | N44: 112.6 | O44: 118.8 | P44: 115.3 | Q44: 114.7 | R44: 116.4 | S44: 113.3 | T44: 115.9 | U44: 112.5 | V44: 112.4 | W44: 112.8 | X44: 110.7 | Y44: 111.1 | Z44: 110.1 | AA44: 111.8 | AB44: 108.7 | AC44: 110.9 | AD44: 113.6
A45: Rural | B45: 2014 | C45: March | D45: 120.1 | E45: 118.1 | F45: 120.7 | G45: 116.1 | H45: 109.3 | I45: 119.6 | J45: 117.9 | K45: 110.2 | L45: 101.2 | M45: 110.7 | N45: 113 | O45: 118.3 | P45: 116.2 | Q45: 114.6 | R45: 117.5 | S45: 114.9 | T45: 117.2 | U45: NA | V45: 113.4 | W45: 113.4 | X45: 111.4 | Y45: 111.2 | Z45: 110.2 | AA45: 112.4 | AB45: 108.9 | AC45: 111.3 | AD45: 114.6
A46: Urban | B46: 2014 | C46: March | D46: 122.1 | E46: 121.4 | F46: 121.5 | G46: 116.2 | H46: 102.8 | I46: 117.7 | J46: 113.3 | K46: 108.9 | L46: 96.3 | M46: 114.1 | N46: 112.2 | O46: 120.5 | P46: 116 | Q46: 116.7 | R46: 115.8 | S46: 112.1 | T46: 115.2 | U46: 113.2 | V46: 110.9 | W46: 113 | X46: 110.8 | Y46: 111.6 | Z46: 110.9 | AA46: 111.8 | AB46: 109.2 | AC46: 111.4 | AD46: 113.7
A47: Rural+Urban | B47: 2014 | C47: Marcrh | D47: 120.7 | E47: 119.3 | F47: 121 | G47: 116.1 | H47: 106.9 | I47: 118.7 | J47: 116.3 | K47: 109.8 | L47: 99.6 | M47: 111.8 | N47: 112.7 | O47: 119.3 | P47: 116.1 | Q47: 115.2 | R47: 116.8 | S47: 113.7 | T47: 116.4 | U47: 113.2 | V47: 112.5 | W47: 113.2 | X47: 111.2 | Y47: 111.4 | Z47: 110.6 | AA47: 112 | AB47: 109 | AC47: 111.3 | AD47: 114.2
A48: Rural | B48: 2014 | C48: April | D48: 120.2 | E48: 118.9 | F48: 118.1 | G48: 117 | H48: 109.7 | I48: 125.5 | J48: 120.5 | K48: 111 | L48: 102.6 | M48: 111.2 | N48: 113.5 | O48: 118.7 | P48: 117.2 | Q48: 115.4 | R48: 118.1 | S48: 116.1 | T48: 117.8 | U48: NA | V48: 113.4 | W48: 113.7 | X48: 111.8 | Y48: 111.2 | Z48: 110.5 | AA48: 113 | AB48: 108.9 | AC48: 111.5 | AD48: 115.4
A49: Urban | B49: 2014 | C49: April | D49: 122.5 | E49: 121.7 | F49: 113.3 | G49: 117 | H49: 103.1 | I49: 126.7 | J49: 121.2 | K49: 111 | L49: 100.3 | M49: 115.3 | N49: 112.7 | O49: 121 | P49: 118.2 | Q49: 117.6 | R49: 116.3 | S49: 112.5 | T49: 115.7 | U49: 113.9 | V49: 110.9 | W49: 113.4 | X49: 111 | Y49: 111.2 | Z49: 111.2 | AA49: 112.5 | AB49: 109.1 | AC49: 111.4 | AD49: 114.7
A50: Rural+Urban | B50: 2014 | C50: April | D50: 120.9 | E50: 119.9 | F50: 116.2 | G50: 117 | H50: 107.3 | I50: 126.1 | J50: 120.7 | K50: 111 | L50: 101.8 | M50: 112.6 | N50: 113.2 | O50: 119.8 | P50: 117.6 | Q50: 116 | R50: 117.4 | S50: 114.6 | T50: 117 | U50: 113.9 | V50: 112.5 | W50: 113.6 | X50: 111.5 | Y50: 111.2 | Z50: 110.9 | AA50: 112.7 | AB50: 109 | AC50: 111.5 | AD50: 115.1
A51: Rural | B51: 2014 | C51: May | D51: 120.3 | E51: 120.2 | F51: 116.9 | G51: 118 | H51: 110.1 | I51: 126.3 | J51: 123.9 | K51: 111.5 | L51: 103.5 | M51: 111.6 | N51: 114.2 | O51: 119.2 | P51: 118.2 | Q51: 116.3 | R51: 118.7 | S51: 116.8 | T51: 118.5 | U51: NA | V51: 113.4 | W51: 114.1 | X51: 112.1 | Y51: 111.4 | Z51: 110.9 | AA51: 113.1 | AB51: 108.9 | AC51: 111.8 | AD51: 116
A52: Urban | B52: 2014 | C52: May | D52: 122.7 | E52: 124.1 | F52: 114.2 | G52: 119.1 | H52: 103.5 | I52: 129.2 | J52: 127 | K52: 112.6 | L52: 101.3 | M52: 117 | N52: 112.9 | O52: 121.7 | P52: 120 | Q52: 118.3 | R52: 116.8 | S52: 112.9 | T52: 116.2 | U52: 114.3 | V52: 111.1 | W52: 114.1 | X52: 111.2 | Y52: 111.3 | Z52: 111.5 | AA52: 112.9 | AB52: 109.3 | AC52: 111.7 | AD52: 115.6
A53: Rural+Urban | B53: 2014 | C53: May | D53: 121.1 | E53: 121.6 | F53: 115.9 | G53: 118.4 | H53: 107.7 | I53: 127.7 | J53: 125 | K53: 111.9 | L53: 102.8 | M53: 113.4 | N53: 113.7 | O53: 120.4 | P53: 118.9 | Q53: 116.8 | R53: 118 | S53: 115.2 | T53: 117.6 | U53: 114.3 | V53: 112.5 | W53: 114.1 | X53: 111.8 | Y53: 111.3 | Z53: 111.2 | AA53: 113 | AB53: 109.1 | AC53: 111.8 | AD53: 115.8
A54: Rural | B54: 2014 | C54: June | D54: 120.7 | E54: 121.6 | F54: 116.1 | G54: 119.3 | H54: 110.3 | I54: 125.8 | J54: 129.3 | K54: 112.2 | L54: 103.6 | M54: 112.3 | N54: 114.9 | O54: 120.1 | P54: 119.5 | Q54: 117.3 | R54: 119.7 | S54: 117.3 | T54: 119.3 | U54: NA | V54: 114.4 | W54: 114.9 | X54: 112.8 | Y54: 112.2 | Z54: 111.4 | AA54: 114.3 | AB54: 108 | AC54: 112.3 | AD54: 117
A55: Urban | B55: 2014 | C55: June | D55: 123.1 | E55: 125.9 | F55: 115.4 | G55: 120.4 | H55: 103.4 | I55: 131.2 | J55: 137.5 | K55: 112.8 | L55: 101.4 | M55: 118.3 | N55: 113.2 | O55: 122.4 | P55: 122 | Q55: 119 | R55: 117.4 | S55: 113.2 | T55: 116.7 | U55: 113.9 | V55: 111.2 | W55: 114.3 | X55: 111.4 | Y55: 111.5 | Z55: 111.8 | AA55: 115.1 | AB55: 108.7 | AC55: 112.2 | AD55: 116.4
A56: Rural+Urban | B56: 2014 | C56: June | D56: 121.5 | E56: 123.1 | F56: 115.8 | G56: 119.7 | H56: 107.8 | I56: 128.3 | J56: 132.1 | K56: 112.4 | L56: 102.9 | M56: 114.3 | N56: 114.2 | O56: 121.2 | P56: 120.4 | Q56: 117.8 | R56: 118.8 | S56: 115.6 | T56: 118.3 | U56: 113.9 | V56: 113.2 | W56: 114.6 | X56: 112.3 | Y56: 111.8 | Z56: 111.6 | AA56: 114.8 | AB56: 108.3 | AC56: 112.3 | AD56: 116.7
A57: Rural | B57: 2014 | C57: July | D57: 121.7 | E57: 122.5 | F57: 117.7 | G57: 120.6 | H57: 110.4 | I57: 129.1 | J57: 150.1 | K57: 113.2 | L57: 104.8 | M57: 113.3 | N57: 115.6 | O57: 120.9 | P57: 123.3 | Q57: 118 | R57: 120.7 | S57: 118.3 | T57: 120.3 | U57: NA | V57: 115.3 | W57: 115.4 | X57: 113.4 | Y57: 113.2 | Z57: 111.8 | AA57: 115.5 | AB57: 108.8 | AC57: 113.1 | AD57: 119.5
A58: Urban | B58: 2014 | C58: July | D58: 123.8 | E58: 126.4 | F58: 118 | G58: 121.6 | H58: 103.5 | I58: 133.7 | J58: 172.4 | K58: 113.1 | L58: 102.7 | M58: 120 | N58: 113.8 | O58: 123.4 | P58: 127.1 | Q58: 121 | R58: 118 | S58: 113.6 | T58: 117.4 | U58: 114.8 | V58: 111.6 | W58: 114.9 | X58: 111.5 | Y58: 113 | Z58: 112.4 | AA58: 117.8 | AB58: 109.7 | AC58: 113.5 | AD58: 118.9
A59: Rural+Urban | B59: 2014 | C59: July | D59: 122.4 | E59: 123.9 | F59: 117.8 | G59: 121 | H59: 107.9 | I59: 131.2 | J59: 157.7 | K59: 113.2 | L59: 104.1 | M59: 115.5 | N59: 114.8 | O59: 122.1 | P59: 124.7 | Q59: 118.8 | R59: 119.6 | S59: 116.3 | T59: 119.1 | U59: 114.8 | V59: 113.9 | W59: 115.2 | X59: 112.7 | Y59: 113.1 | Z59: 112.1 | AA59: 116.8 | AB59: 109.2 | AC59: 113.3 | AD59: 119.2
A60: Rural | B60: 2014 | C60: August | D60: 121.8 | E60: 122.8 | F60: 117.8 | G60: 121.9 | H60: 110.6 | I60: 129.7 | J60: 161.1 | K60: 114.1 | L60: 105.1 | M60: 114.6 | N60: 115.8 | O60: 121.7 | P60: 125.3 | Q60: 118.8 | R60: 120.9 | S60: 118.8 | T60: 120.7 | U60: NA | V60: 115.4 | W60: 115.9 | X60: 114 | Y60: 113.2 | Z60: 112.2 | AA60: 116.2 | AB60: 109.4 | AC60: 113.5 | AD60: 120.7
A61: Urban | B61: 2014 | C61: August | D61: 124.8 | E61: 127.3 | F61: 116.5 | G61: 122.2 | H61: 103.6 | I61: 132.7 | J61: 181.9 | K61: 115.2 | L61: 102.7 | M61: 122.1 | N61: 114.4 | O61: 124.7 | P61: 128.9 | Q61: 123 | R61: 118.6 | S61: 114.1 | T61: 117.9 | U61: 115.5 | V61: 111.8 | W61: 115.3 | X61: 112.2 | Y61: 112.5 | Z61: 112.9 | AA61: 119.2 | AB61: 110.5 | AC61: 113.9 | AD61: 119.9
A62: Rural+Urban | B62: 2014 | C62: August | D62: 122.7 | E62: 124.4 | F62: 117.3 | G62: 122 | H62: 108 | I62: 131.1 | J62: 168.2 | K62: 114.5 | L62: 104.3 | M62: 117.1 | N62: 115.2 | O62: 123.1 | P62: 126.6 | Q62: 119.9 | R62: 120 | S62: 116.8 | T62: 119.6 | U62: 115.5 | V62: 114 | W62: 115.6 | X62: 113.3 | Y62: 112.8 | Z62: 112.6 | AA62: 118 | AB62: 109.9 | AC62: 113.7 | AD62: 120.3
A63: Rural | B63: 2014 | C63: September | D63: 122.3 | E63: 122.4 | F63: 117.8 | G63: 122.7 | H63: 110.4 | I63: 129.8 | J63: 158.8 | K63: 115 | L63: 104.7 | M63: 114.9 | N63: 116.5 | O63: 122.6 | P63: 125.3 | Q63: 119.5 | R63: 121.7 | S63: 119.2 | T63: 121.3 | U63: NA | V63: 115.8 | W63: 116.7 | X63: 114.5 | Y63: 112.8 | Z63: 112.6 | AA63: 116.6 | AB63: 109.1 | AC63: 113.7 | AD63: 120.9
A64: Urban | B64: 2014 | C64: September | D64: 124.2 | E64: 125.4 | F64: 116.4 | G64: 122.7 | H64: 103.5 | I64: 124.5 | J64: 168.6 | K64: 116.9 | L64: 101.9 | M64: 122.9 | N64: 114.8 | O64: 125.2 | P64: 126.7 | Q64: 124.3 | R64: 119.2 | S64: 114.5 | T64: 118.4 | U64: 116.1 | V64: 111.8 | W64: 115.5 | X64: 112.3 | Y64: 111.2 | Z64: 113.4 | AA64: 120 | AB64: 110 | AC64: 113.6 | AD64: 119.2
A65: Rural+Urban | B65: 2014 | C65: September | D65: 122.9 | E65: 123.5 | F65: 117.3 | G65: 122.7 | H65: 107.9 | I65: 127.3 | J65: 162.1 | K65: 115.6 | L65: 103.8 | M65: 117.6 | N65: 115.8 | O65: 123.8 | P65: 125.8 | Q65: 120.8 | R65: 120.7 | S65: 117.2 | T65: 120.1 | U65: 116.1 | V65: 114.3 | W65: 116.1 | X65: 113.7 | Y65: 112 | Z65: 113.1 | AA65: 118.6 | AB65: 109.5 | AC65: 113.7 | AD65: 120.1
A66: Rural | B66: 2014 | C66: October | D66: 122.6 | E66: 122.5 | F66: 118.3 | G66: 123.2 | H66: 110.5 | I66: 128.9 | J66: 155.3 | K66: 115.5 | L66: 104 | M66: 115.3 | N66: 116.8 | O66: 123.2 | P66: 125.1 | Q66: 120 | R66: 122.7 | S66: 120.3 | T66: 122.3 | U66: NA | V66: 116.4 | W66: 117.5 | X66: 115.3 | Y66: 112.6 | Z66: 113 | AA66: 116.9 | AB66: 109.3 | AC66: 114 | AD66: 121
A67: Urban | B67: 2014 | C67: October | D67: 124.6 | E67: 126.1 | F67: 117.8 | G67: 123.1 | H67: 103.5 | I67: 123.5 | J67: 159.6 | K67: 117.4 | L67: 101.2 | M67: 123.8 | N67: 115.2 | O67: 125.9 | P67: 125.8 | Q67: 124.3 | R67: 119.6 | S67: 114.9 | T67: 118.9 | U67: 116.7 | V67: 112 | W67: 115.8 | X67: 112.6 | Y67: 111 | Z67: 113.6 | AA67: 120.2 | AB67: 110.1 | AC67: 113.7 | AD67: 119.1
A68: Rural+Urban | B68: 2014 | C68: October | D68: 123.2 | E68: 123.8 | F68: 118.1 | G68: 123.2 | H68: 107.9 | I68: 126.4 | J68: 156.8 | K68: 116.1 | L68: 103.1 | M68: 118.1 | N68: 116.1 | O68: 124.5 | P68: 125.4 | Q68: 121.1 | R68: 121.5 | S68: 118.1 | T68: 121 | U68: 116.7 | V68: 114.7 | W68: 116.7 | X68: 114.3 | Y68: 111.8 | Z68: 113.3 | AA68: 118.8 | AB68: 109.6 | AC68: 113.9 | AD68: 120.1
A69: Rural | B69: 2014 | C69: November | D69: 122.7 | E69: 122.6 | F69: 119.9 | G69: 124 | H69: 110.5 | I69: 128.8 | J69: 152 | K69: 116.2 | L69: 103.3 | M69: 115.8 | N69: 116.8 | O69: 124.5 | P69: 124.9 | Q69: 120.8 | R69: 123.3 | S69: 120.5 | T69: 122.9 | U69: NA | V69: 117.3 | W69: 118.1 | X69: 115.9 | Y69: 112 | Z69: 113.3 | AA69: 117.2 | AB69: 108.8 | AC69: 114.1 | AD69: 121.1
A70: Urban | B70: 2014 | C70: November | D70: 124.5 | E70: 125.6 | F70: 122.7 | G70: 124.6 | H70: 103.2 | I70: 122.2 | J70: 153.2 | K70: 119.3 | L70: 99.8 | M70: 124.6 | N70: 115.8 | O70: 126.9 | P70: 125.4 | Q70: 125.8 | R70: 120.3 | S70: 115.4 | T70: 119.5 | U70: 117.1 | V70: 112.6 | W70: 116.4 | X70: 113 | Y70: 109.7 | Z70: 114 | AA70: 120.3 | AB70: 109.6 | AC70: 113.4 | AD70: 119
A71: Rural+Urban | B71: 2014 | C71: November | D71: 123.3 | E71: 123.7 | F71: 121 | G71: 124.2 | H71: 107.8 | I71: 125.7 | J71: 152.4 | K71: 117.2 | L71: 102.1 | M71: 118.7 | N71: 116.4 | O71: 125.6 | P71: 125.1 | Q71: 122.1 | R71: 122.1 | S71: 118.4 | T71: 121.6 | U71: 117.1 | V71: 115.5 | W71: 117.3 | X71: 114.8 | Y71: 110.8 | Z71: 113.7 | AA71: 119 | AB71: 109.1 | AC71: 113.8 | AD71: 120.1
A72: Rural | B72: 2014 | C72: December | D72: 122.4 | E72: 122.4 | F72: 121.8 | G72: 124.2 | H72: 110.2 | I72: 128.6 | J72: 140.3 | K72: 116.3 | L72: 102 | M72: 116 | N72: 117.3 | O72: 124.8 | P72: 123.3 | Q72: 121.7 | R72: 123.8 | S72: 120.6 | T72: 123.3 | U72: NA | V72: 117.4 | W72: 118.2 | X72: 116.2 | Y72: 111.5 | Z72: 113.3 | AA72: 117.7 | AB72: 109.4 | AC72: 114.2 | AD72: 120.3
A73: Urban | B73: 2014 | C73: December | D73: 124 | E73: 124.7 | F73: 126.3 | G73: 124.9 | H73: 103 | I73: 122.3 | J73: 141 | K73: 120.1 | L73: 97.8 | M73: 125.4 | N73: 116.1 | O73: 127.6 | P73: 124 | Q73: 126.4 | R73: 120.7 | S73: 115.8 | T73: 120 | U73: 116.5 | V73: 113 | W73: 116.8 | X73: 113.2 | Y73: 108.8 | Z73: 114.3 | AA73: 120.7 | AB73: 110.4 | AC73: 113.4 | AD73: 118.4
A74: Rural+Urban | B74: 2014 | C74: December | D74: 122.9 | E74: 123.2 | F74: 123.5 | G74: 124.5 | H74: 107.6 | I74: 125.7 | J74: 140.5 | K74: 117.6 | L74: 100.6 | M74: 119.1 | N74: 116.8 | O74: 126.1 | P74: 123.6 | Q74: 123 | R74: 122.6 | S74: 118.6 | T74: 122 | U74: 116.5 | V74: 115.7 | W74: 117.5 | X74: 115.1 | Y74: 110.1 | Z74: 113.9 | AA74: 119.5 | AB74: 109.8 | AC74: 113.8 | AD74: 119.4
A75: Rural | B75: 2015 | C75: January | D75: 123.1 | E75: 123.1 | F75: 122.1 | G75: 124.9 | H75: 111 | I75: 130.4 | J75: 132.3 | K75: 117.2 | L75: 100.5 | M75: 117.2 | N75: 117.9 | O75: 125.6 | P75: 122.8 | Q75: 122.7 | R75: 124.4 | S75: 121.6 | T75: 124 | U75: NA | V75: 118.4 | W75: 118.9 | X75: 116.6 | Y75: 111 | Z75: 114 | AA75: 118.2 | AB75: 110.2 | AC75: 114.5 | AD75: 120.3
A76: Urban | B76: 2015 | C76: January | D76: 124 | E76: 125.5 | F76: 126.6 | G76: 125.2 | H76: 104.3 | I76: 121.3 | J76: 134.4 | K76: 122.9 | L76: 96.1 | M76: 126.6 | N76: 116.5 | O76: 128 | P76: 123.5 | Q76: 127.4 | R76: 121 | S76: 116.1 | T76: 120.2 | U76: 117.3 | V76: 113.4 | W76: 117.2 | X76: 113.7 | Y76: 107.9 | Z76: 114.6 | AA76: 120.8 | AB76: 111.4 | AC76: 113.4 | AD76: 118.5
A77: Rural+Urban | B77: 2015 | C77: January | D77: 123.4 | E77: 123.9 | F77: 123.8 | G77: 125 | H77: 108.5 | I77: 126.2 | J77: 133 | K77: 119.1 | L77: 99 | M77: 120.3 | N77: 117.3 | O77: 126.7 | P77: 123.1 | Q77: 124 | R77: 123.1 | S77: 119.3 | T77: 122.5 | U77: 117.3 | V77: 116.5 | W77: 118.1 | X77: 115.5 | Y77: 109.4 | Z77: 114.3 | AA77: 119.7 | AB77: 110.7 | AC77: 114 | AD77: 119.5
A78: Rural | B78: 2015 | C78: February | D78: 123.4 | E78: 124.4 | F78: 122.1 | G78: 125.8 | H78: 111.5 | I78: 129.4 | J78: 128.2 | K78: 118.8 | L78: 100 | M78: 118.6 | N78: 118.8 | O78: 126.8 | P78: 122.8 | Q78: 124.2 | R78: 125.4 | S78: 122.7 | T78: 125 | U78: NA | V78: 120 | W78: 119.6 | X78: 117.7 | Y78: 110.9 | Z78: 114.8 | AA78: 118.7 | AB78: 110.8 | AC78: 115 | AD78: 120.6
A79: Urban | B79: 2015 | C79: February | D79: 124.3 | E79: 126.5 | F79: 119.5 | G79: 125.6 | H79: 104.9 | I79: 121.6 | J79: 131.8 | K79: 125.1 | L79: 95 | M79: 127.7 | N79: 116.8 | O79: 128.6 | P79: 123.7 | Q79: 128.1 | R79: 121.3 | S79: 116.5 | T79: 120.6 | U79: 118.1 | V79: 114 | W79: 117.7 | X79: 114.1 | Y79: 106.8 | Z79: 114.9 | AA79: 120.4 | AB79: 111.7 | AC79: 113.2 | AD79: 118.7
A80: Rural+Urban | B80: 2015 | C80: February | D80: 123.7 | E80: 125.1 | F80: 121.1 | G80: 125.7 | H80: 109.1 | I80: 125.8 | J80: 129.4 | K80: 120.9 | L80: 98.3 | M80: 121.6 | N80: 118 | O80: 127.6 | P80: 123.1 | Q80: 125.2 | R80: 123.8 | S80: 120.1 | T80: 123.3 | U80: 118.1 | V80: 117.7 | W80: 118.7 | X80: 116.3 | Y80: 108.7 | Z80: 114.9 | AA80: 119.7 | AB80: 111.2 | AC80: 114.1 | AD80: 119.7
A81: Rural | B81: 2015 | C81: March | D81: 123.3 | E81: 124.7 | F81: 118.9 | G81: 126 | H81: 111.8 | I81: 130.9 | J81: 128 | K81: 119.9 | L81: 98.9 | M81: 119.4 | N81: 118.9 | O81: 127.7 | P81: 123.1 | Q81: 124.7 | R81: 126 | S81: 122.9 | T81: 125.5 | U81: NA | V81: 120.6 | W81: 120.2 | X81: 118.2 | Y81: 111.6 | Z81: 115.5 | AA81: 119.4 | AB81: 110.8 | AC81: 115.5 | AD81: 121.1
A82: Urban | B82: 2015 | C82: March | D82: 124 | E82: 126.7 | F82: 113.5 | G82: 125.9 | H82: 104.8 | I82: 123.8 | J82: 131.4 | K82: 127.2 | L82: 93.2 | M82: 127.4 | N82: 117 | O82: 129.2 | P82: 123.9 | Q82: 128.8 | R82: 121.7 | S82: 116.9 | T82: 120.9 | U82: 118.6 | V82: 114.4 | W82: 118 | X82: 114.3 | Y82: 108.4 | Z82: 115.4 | AA82: 120.6 | AB82: 111.3 | AC82: 113.8 | AD82: 119.1
A83: Rural+Urban | B83: 2015 | C83: March | D83: 123.5 | E83: 125.4 | F83: 116.8 | G83: 126 | H83: 109.2 | I83: 127.6 | J83: 129.2 | K83: 122.4 | L83: 97 | M83: 122.1 | N83: 118.1 | O83: 128.4 | P83: 123.4 | Q83: 125.8 | R83: 124.3 | S83: 120.4 | T83: 123.7 | U83: 118.6 | V83: 118.3 | W83: 119.2 | X83: 116.7 | Y83: 109.9 | Z83: 115.4 | AA83: 120.1 | AB83: 111 | AC83: 114.7 | AD83: 120.2
A84: Rural | B84: 2015 | C84: April | D84: 123.3 | E84: 125.5 | F84: 117.2 | G84: 126.8 | H84: 111.9 | I84: 134.2 | J84: 127.5 | K84: 121.5 | L84: 97.8 | M84: 119.8 | N84: 119.4 | O84: 128.7 | P84: 123.6 | Q84: 125.7 | R84: 126.4 | S84: 123.3 | T84: 126 | U84: NA | V84: 121.2 | W84: 120.9 | X84: 118.6 | Y84: 111.9 | Z84: 116.2 | AA84: 119.9 | AB84: 111.6 | AC84: 116 | AD84: 121.5
A85: Urban | B85: 2015 | C85: April | D85: 123.8 | E85: 128.2 | F85: 110 | G85: 126.3 | H85: 104.5 | I85: 130.6 | J85: 130.8 | K85: 131.3 | L85: 91.6 | M85: 127.7 | N85: 117.2 | O85: 129.5 | P85: 124.6 | Q85: 130.1 | R85: 122.1 | S85: 117.2 | T85: 121.3 | U85: 119.2 | V85: 114.7 | W85: 118.4 | X85: 114.6 | Y85: 108.4 | Z85: 115.6 | AA85: 121.7 | AB85: 111.8 | AC85: 114.2 | AD85: 119.7
A86: Rural+Urban | B86: 2015 | C86: April | D86: 123.5 | E86: 126.4 | F86: 114.4 | G86: 126.6 | H86: 109.2 | I86: 132.5 | J86: 128.6 | K86: 124.8 | L86: 95.7 | M86: 122.4 | N86: 118.5 | O86: 129.1 | P86: 124 | Q86: 126.9 | R86: 124.7 | S86: 120.8 | T86: 124.1 | U86: 119.2 | V86: 118.7 | W86: 119.7 | X86: 117.1 | Y86: 110.1 | Z86: 115.9 | AA86: 121 | AB86: 111.7 | AC86: 115.1 | AD86: 120.7
A87: Rural | B87: 2015 | C87: May | D87: 123.5 | E87: 127.1 | F87: 117.3 | G87: 127.7 | H87: 112.5 | I87: 134.1 | J87: 128.5 | K87: 124.3 | L87: 97.6 | M87: 120.7 | N87: 120.2 | O87: 129.8 | P87: 124.4 | Q87: 126.7 | R87: 127.3 | S87: 124.1 | T87: 126.8 | U87: NA | V87: 121.9 | W87: 121.5 | X87: 119.4 | Y87: 113.3 | Z87: 116.7 | AA87: 120.5 | AB87: 112.3 | AC87: 116.9 | AD87: 122.4
A88: Urban | B88: 2015 | C88: May | D88: 123.8 | E88: 129.7 | F88: 111.3 | G88: 126.6 | H88: 105.2 | I88: 130.8 | J88: 135.6 | K88: 142.6 | L88: 90.8 | M88: 128.8 | N88: 117.7 | O88: 129.9 | P88: 126.1 | Q88: 131.3 | R88: 122.4 | S88: 117.4 | T88: 121.6 | U88: 119.6 | V88: 114.9 | W88: 118.7 | X88: 114.9 | Y88: 110.8 | Z88: 116 | AA88: 122 | AB88: 112.4 | AC88: 115.2 | AD88: 120.7
A89: Rural+Urban | B89: 2015 | C89: May | D89: 123.6 | E89: 128 | F89: 115 | G89: 127.3 | H89: 109.8 | I89: 132.6 | J89: 130.9 | K89: 130.5 | L89: 95.3 | M89: 123.4 | N89: 119.2 | O89: 129.8 | P89: 125 | Q89: 127.9 | R89: 125.4 | S89: 121.3 | T89: 124.7 | U89: 119.6 | V89: 119.2 | W89: 120.2 | X89: 117.7 | Y89: 112 | Z89: 116.3 | AA89: 121.4 | AB89: 112.3 | AC89: 116.1 | AD89: 121.6
A90: Rural | B90: 2015 | C90: June | D90: 124.1 | E90: 130.4 | F90: 122.1 | G90: 128.7 | H90: 114.1 | I90: 133.2 | J90: 135.2 | K90: 131.9 | L90: 96.3 | M90: 123 | N90: 121.1 | O90: 131.2 | P90: 126.6 | Q90: 128.2 | R90: 128.4 | S90: 125.1 | T90: 128 | U90: NA | V90: 122.6 | W90: 122.8 | X90: 120.4 | Y90: 114.2 | Z90: 117.9 | AA90: 122 | AB90: 113 | AC90: 117.9 | AD90: 124.1
A91: Urban | B91: 2015 | C91: June | D91: 123.6 | E91: 134.4 | F91: 120.9 | G91: 127.3 | H91: 106 | I91: 132.3 | J91: 146.7 | K91: 148.1 | L91: 89.8 | M91: 130.5 | N91: 118 | O91: 130.5 | P91: 128.5 | Q91: 132.1 | R91: 123.2 | S91: 117.6 | T91: 122.3 | U91: 119 | V91: 115.1 | W91: 119.2 | X91: 115.4 | Y91: 111.7 | Z91: 116.2 | AA91: 123.8 | AB91: 112.5 | AC91: 116 | AD91: 121.7
A92: Rural+Urban | B92: 2015 | C92: June | D92: 123.9 | E92: 131.8 | F92: 121.6 | G92: 128.2 | H92: 111.1 | I92: 132.8 | J92: 139.1 | K92: 137.4 | L92: 94.1 | M92: 125.5 | N92: 119.8 | O92: 130.9 | P92: 127.3 | Q92: 129.2 | R92: 126.4 | S92: 122 | T92: 125.7 | U92: 119 | V92: 119.8 | W92: 121.1 | X92: 118.5 | Y92: 112.9 | Z92: 116.9 | AA92: 123.1 | AB92: 112.8 | AC92: 117 | AD92: 123
A93: Rural | B93: 2015 | C93: July | D93: 124 | E93: 131.5 | F93: 122 | G93: 128.7 | H93: 113.5 | I93: 133.3 | J93: 140.8 | K93: 133.8 | L93: 94.1 | M93: 123.4 | N93: 121 | O93: 131.7 | P93: 127.5 | Q93: 129.4 | R93: 128.8 | S93: 125.5 | T93: 128.3 | U93: NA | V93: 123 | W93: 123 | X93: 120.8 | Y93: 114.1 | Z93: 118 | AA93: 122.9 | AB93: 112.7 | AC93: 118.1 | AD93: 124.7
A94: Urban | B94: 2015 | C94: July | D94: 123.2 | E94: 134.3 | F94: 119.5 | G94: 127.7 | H94: 106.3 | I94: 132.8 | J94: 153.5 | K94: 149.5 | L94: 85.7 | M94: 131.5 | N94: 118.3 | O94: 131.1 | P94: 129.5 | Q94: 133.1 | R94: 123.5 | S94: 117.9 | T94: 122.7 | U94: 119.9 | V94: 115.3 | W94: 119.5 | X94: 116 | Y94: 111.5 | Z94: 116.6 | AA94: 125.4 | AB94: 111.7 | AC94: 116.3 | AD94: 122.4
A95: Rural+Urban | B95: 2015 | C95: July | D95: 123.7 | E95: 132.5 | F95: 121 | G95: 128.3 | H95: 110.9 | I95: 133.1 | J95: 145.1 | K95: 139.1 | L95: 91.3 | M95: 126.1 | N95: 119.9 | O95: 131.4 | P95: 128.2 | Q95: 130.4 | R95: 126.7 | S95: 122.3 | T95: 126.1 | U95: 119.9 | V95: 120.1 | W95: 121.3 | X95: 119 | Y95: 112.7 | Z95: 117.2 | AA95: 124.4 | AB95: 112.3 | AC95: 117.2 | AD95: 123.6
A96: Rural | B96: 2015 | C96: August | D96: 124.7 | E96: 131.3 | F96: 121.3 | G96: 128.8 | H96: 114 | I96: 134.2 | J96: 153.6 | K96: 137.9 | L96: 93.1 | M96: 123.9 | N96: 121.5 | O96: 132.5 | P96: 129.8 | Q96: 130.1 | R96: 129.5 | S96: 126.3 | T96: 129 | U96: NA | V96: 123.8 | W96: 123.7 | X96: 121.1 | Y96: 113.6 | Z96: 118.5 | AA96: 123.6 | AB96: 112.5 | AC96: 118.2 | AD96: 126.1
A97: Urban | B97: 2015 | C97: August | D97: 123.1 | E97: 131.7 | F97: 118.1 | G97: 128 | H97: 106.8 | I97: 130.1 | J97: 165.5 | K97: 156 | L97: 85.3 | M97: 132.7 | N97: 118.8 | O97: 131.7 | P97: 131.1 | Q97: 134.2 | R97: 123.7 | S97: 118.2 | T97: 122.9 | U97: 120.9 | V97: 115.3 | W97: 120 | X97: 116.6 | Y97: 109.9 | Z97: 117.2 | AA97: 126.2 | AB97: 112 | AC97: 116.2 | AD97: 123.2
A98: Rural+Urban | B98: 2015 | C98: August | D98: 124.2 | E98: 131.4 | F98: 120.1 | G98: 128.5 | H98: 111.4 | I98: 132.3 | J98: 157.6 | K98: 144 | L98: 90.5 | M98: 126.8 | N98: 120.4 | O98: 132.1 | P98: 130.3 | Q98: 131.2 | R98: 127.2 | S98: 122.9 | T98: 126.6 | U98: 120.9 | V98: 120.6 | W98: 122 | X98: 119.4 | Y98: 111.7 | Z98: 117.8 | AA98: 125.1 | AB98: 112.3 | AC98: 117.2 | AD98: 124.8
A99: Rural | B99: 2015 | C99: September | D99: 125.1 | E99: 131.1 | F99: 120.7 | G99: 129.2 | H99: 114.7 | I99: 132.3 | J99: 158.9 | K99: 142.1 | L99: 92.5 | M99: 125.4 | N99: 121.9 | O99: 132.7 | P99: 131 | Q99: 131 | R99: 130.4 | S99: 126.8 | T99: 129.9 | U99: NA | V99: 123.7 | W99: 124.5 | X99: 121.4 | Y99: 113.8 | Z99: 119.6 | AA99: 124.5 | AB99: 113.7 | AC99: 118.8 | AD99: 127
A100: Urban | B100: 2015 | C100: September | D100: 123.4 | E100: 129 | F100: 115.6 | G100: 128.3 | H100: 107 | I100: 124 | J100: 168.5 | K100: 165.4 | L100: 86.3 | M100: 134.4 | N100: 119.1 | O100: 132.3 | P100: 131.5 | Q100: 134.7 | R100: 124 | S100: 118.6 | T100: 123.2 | U100: 121.6 | V100: 115.1 | W100: 120.4 | X100: 117.1 | Y100: 109.1 | Z100: 117.3 | AA100: 126.5 | AB100: 112.9 | AC100: 116.2 | AD100: 123.5
...

Sheet Cleaning
A1: =COUNTIF(Table2[Sector], "NA") -> 0 | B1: =COUNTIF(Table2[Sector], "NA") -> 0 | C1: =COUNTIF(Table2[Sector], "NA") -> 0 | D1: =COUNTIF(Table2[Sector], "NA") -> 0 | E1: =COUNTIF(Table2[Sector], "NA") -> 0 | F1: =COUNTIF(Table2[Sector], "NA") -> 0 | G1: =COUNTIF(Table2[Sector], "NA") -> 0 | H1: =COUNTIF(Table2[Sector], "NA") -> 0 | ... AB1: =COUNTIF(Table2[Sector], "NA") -> 0
A2: Sector | B2: Year | C2: Month | D2: Cereals and products | E2: Meat and fish | F2: Egg | G2: Milk and products | H2: Oils and fats | I2: Fruits | J2: Vegetables | K2: Pulses and products | L2: Sugar and Confectionery | M2: Spices | N2: Nonalcoholic beverages | O2: Prepared meals, scks, sweets etc. | P2: Pan, tobacco and intoxicants | Q2: Clothing | R2: Footwear | S2: Housing | T2: Fuel and light | U2: Household goods and services | V2: Health | W2: Transport and communication | X2: Recreation and amusement | Y2: Education | Z2: Persol care and effects | AA2: Miscellaneous | AB2: General index
A3: Rural | B3: 2013 | C3: January | D3: 107.5 | E3: 106.3 | F3: 108.1 | G3: 104.9 | H3: 106.1 | I3: 103.9 | J3: 101.9 | K3: 106.1 | L3: 106.8 | M3: 103.1 | N3: 104.8 | O3: 106.7 | P3: 105.1 | Q3: 106.5 | R3: 105.8 | S3: 0 | T3: 105.5 | U3: 104.8 | V3: 104 | W3: 103.3 | X3: 103.4 | Y3: 103.8 | Z3: 104.7 | AA3: 104 | AB3: 105.1
A4: Rural | B4: 2013 | C4: February | D4: 109.2 | E4: 108.7 | F4: 110.2 | G4: 105.4 | H4: 106.7 | I4: 104 | J4: 102.4 | K4: 105.9 | L4: 105.7 | M4: 103.1 | N4: 105.1 | O4: 107.7 | P4: 105.6 | Q4: 107.1 | R4: 106.3 | S4: =AVERAGE(S3,S2) -> 0 | T4: 106.2 | U4: 105.2 | V4: 104.4 | W4: 103.9 | X4: 104 | Y4: 104.1 | Z4: 104.6 | AA4: 104.4 | AB4: 105.8
A5: Rural | B5: 2013 | C5: March | D5: 110.2 | E5: 108.8 | F5: 109.9 | G5: 105.6 | H5: 106.2 | I5: 105.7 | J5: 101.4 | K5: 105.7 | L5: 105 | M5: 103.3 | N5: 105.6 | O5: 108.2 | P5: 106.5 | Q5: 107.6 | R5: 106.8 | S5: =AVERAGE(S4,S3) -> 0 | T5: 106.1 | U5: 105.6 | V5: 104.7 | W5: 104.6 | X5: 104 | Y5: 104.3 | Z5: 104.3 | AA5: 104.6 | AB5: 106
A6: Rural | B6: 2013 | C6: April | D6: 110.2 | E6: 109.5 | F6: 106.9 | G6: 106.3 | H6: 105.7 | I6: 108.3 | J6: 103.4 | K6: 105.7 | L6: 104.2 | M6: 103.2 | N6: 106.5 | O6: 108.8 | P6: 107.1 | Q6: 108.1 | R6: 107.4 | S6: =AVERAGE(S5,S4) -> 0 | T6: 106.5 | U6: 106.1 | V6: 105.1 | W6: 104.4 | X6: 104.5 | Y6: 104.8 | Z6: 102.7 | AA6: 104.6 | AB6: 106.4
A7: Rural | B7: 2013 | C7: May | D7: 110.9 | E7: 109.8 | F7: 105.9 | G7: 107.5 | H7: 105.3 | I7: 108.1 | J7: 107.3 | K7: 106.1 | L7: 103.7 | M7: 104 | N7: 107.4 | O7: 109.9 | P7: 108.1 | Q7: 108.8 | R7: 107.9 | S7: =AVERAGE(S6,S5) -> 0 | T7: 107.5 | U7: 106.8 | V7: 105.7 | W7: 104.1 | X7: 105 | Y7: 105.5 | Z7: 102.1 | AA7: 104.8 | AB7: 107.2
A8: Rural | B8: 2013 | C8: June | D8: 112.3 | E8: 112.1 | F8: 108.1 | G8: 108.3 | H8: 105.9 | I8: 109.2 | J8: 118 | K8: 106.8 | L8: 104.1 | M8: 105.4 | N8: 108.2 | O8: 111 | P8: 109 | Q8: 109.7 | R8: 108.8 | S8: =AVERAGE(S7,S6) -> 0 | T8: 108.5 | U8: 107.5 | V8: 106.3 | W8: 105 | X8: 105.6 | Y8: 106.5 | Z8: 102.5 | AA8: 105.5 | AB8: 108.9
A9: Rural | B9: 2013 | C9: July | D9: 113.4 | E9: 114.9 | F9: 110.5 | G9: 109.3 | H9: 106.2 | I9: 110.3 | J9: 129.2 | K9: 107.1 | L9: 104.3 | M9: 106.4 | N9: 109.1 | O9: 112.1 | P9: 109.8 | Q9: 110.5 | R9: 109.5 | S9: =AVERAGE(S8,S7) -> 0 | T9: 109.5 | U9: 108.3 | V9: 106.9 | W9: 106.8 | X9: 106.4 | Y9: 107.8 | Z9: 102.5 | AA9: 106.5 | AB9: 110.7
A10: Rural | B10: 2013 | C10: August | D10: 114.3 | E10: 115.4 | F10: 111.1 | G10: 110 | H10: 106.4 | I10: 110.8 | J10: 138.9 | K10: 107.4 | L10: 104.1 | M10: 106.9 | N10: 109.7 | O10: 112.6 | P10: 110.7 | Q10: 111.3 | R10: 110.2 | S10: =AVERAGE(S9,S8) -> 0 | T10: 109.9 | U10: 108.7 | V10: 107.5 | W10: 107.8 | X10: 106.8 | Y10: 108.7 | Z10: 105 | AA10: 107.5 | AB10: 112.1
A11: Rural | B11: 2013 | C11: September | D11: 115.4 | E11: 115.7 | F11: 111.7 | G11: 111 | H11: 107.4 | I11: 110.9 | J11: 154 | K11: 108.1 | L11: 104.2 | M11: 107.9 | N11: 110.4 | O11: 114 | P11: 111.7 | Q11: 112.7 | R11: 111.4 | S11: =AVERAGE(S10,S9) -> 0 | T11: 111.1 | U11: 109.6 | V11: 108.3 | W11: 109.3 | X11: 107.7 | Y11: 109.8 | Z11: 106.7 | AA11: 108.7 | AB11: 114.2
A12: Rural | B12: 2013 | C12: October | D12: 116.3 | E12: 115.4 | F12: 112.6 | G12: 111.7 | H12: 107.7 | I12: 113.2 | J12: 164.9 | K12: 108.3 | L12: 103.9 | M12: 108.2 | N12: 111.1 | O12: 114.9 | P12: 112.2 | Q12: 113.6 | R12: 112.3 | S12: =AVERAGE(S11,S10) -> 0 | T12: 111.6 | U12: 110.4 | V12: 108.9 | W12: 109.3 | X12: 108.3 | Y12: 110.2 | Z12: 107.5 | AA12: 109.1 | AB12: 115.5
A13: Rural | B13: 2013 | C13: November | D13: 117.3 | E13: 114.9 | F13: 116.2 | G13: 112.8 | H13: 108.9 | I13: 116.6 | J13: 178.1 | K13: 109.1 | L13: 103.6 | M13: 109 | N13: 111.8 | O13: 116 | P13: 112.8 | Q13: 114.6 | R13: 113.1 | S13: =AVERAGE(S12,S11) -> 0 | T13: 112.6 | U13: 111.3 | V13: 109.7 | W13: 109.6 | X13: 108.7 | Y13: 111 | Z13: 108.2 | AA13: 109.8 | AB13: 117.4
A14: Rural | B14: 2013 | C14: December | D14: 118.4 | E14: 115.9 | F14: 120.4 | G14: 113.8 | H14: 109.5 | I14: 115.5 | J14: 145.7 | K14: 109.5 | L14: 102.9 | M14: 109.8 | N14: 112.1 | O14: 116.8 | P14: 113.6 | Q14: 115.8 | R14: 114 | S14: =AVERAGE(S13,S12) -> 0 | T14: 112.8 | U14: 112.1 | V14: 110.1 | W14: 109.9 | X14: 109.2 | Y14: 111.6 | Z14: 108.1 | AA14: 110.1 | AB14: 115.5
A15: Rural | B15: 2014 | C15: January | D15: 118.9 | E15: 117.1 | F15: 120.5 | G15: 114.4 | H15: 109 | I15: 115.5 | J15: 123.9 | K15: 109.6 | L15: 101.8 | M15: 110.2 | N15: 112.4 | O15: 117.3 | P15: 114 | Q15: 116.5 | R15: 114.5 | S15: =AVERAGE(S14,S13) -> 0 | T15: 113 | U15: 112.6 | V15: 110.6 | W15: 110.5 | X15: 109.6 | Y15: 111.8 | Z15: 108.3 | AA15: 110.6 | AB15: 114.2
... A88: Rural | B88: 2020 | C88: March | D88: 144.4 | E88: 166.8 | F88: 147.6 | G88: 151.7 | H88: 133.3 | I88: 141.8 | J88: 152.3 | K88: 141.8 | L88: 112.6 | M88: 154 | N88: 140.1 | O88: 160 | P88: 170.5 | Q88: 153.4 | R88: 147.6 | S88: =AVERAGE(S87,S86) -> 0 | T88: 153.4 | U88: 151.5 | V88: 156.7 | W88: 135.8 | X88: 151.2 | Y88: 161.2 | Z88: 145.1 | AA88: 148.6 | AB88: 149.8
A89: Rural | B89: 2020 | C89: April | D89: 147.2 | E89: =AVERAGE(E88,E87) -> 167.15 | F89: 146.9 | G89: 155.6 | H89: 137.1 | I89: 147.3 | J89: 162.7 | K89: 150.2 | L89: 119.8 | M89: 158.7 | N89: 139.2 | O89: =AVERAGE(O88,O87) -> 159.6 | P89: =AVERAGE(P88,P87) -> 169.95 | Q89: =AVERAGE(Q88,Q87) -> 153.2 | R89: =AVERAGE(R88,R87) -> 147.55 | S89: =AVERAGE(S88,S87) -> 0 | T89: 148.4 | U89: =AVERAGE(U88,U87) -> 151.65 | V89: 154.3 | W89: =AVERAGE(W88,W87) -> 135.9 | X89: =AVERAGE(X88,X87) -> 150.8 | Y89: =AVERAGE(Y88,Y87) -> 161.55 | Z89: =AVERAGE(Z88,Z87) -> 144.25 | AA89: =AVERAGE(AA88,AA87) -> 148.5 | AB89: =AVERAGE(AB88,AB87) -> 150.1
A90: Rural | B90: 2020 | C90: May | D90: =AVERAGE(D89,D88) -> 145.8 | E90: =AVERAGE(E89,E88) -> 166.975 | F90: =AVERAGE(F89,F88) -> 147.25 | G90: =AVERAGE(G89,G88) -> 153.65 | H90: =AVERAGE(H89,H88) -> 135.2 | I90: =AVERAGE(I89,I88) -> 144.55 | J90: =AVERAGE(J89,J88) -> 157.5 | K90: =AVERAGE(K89,K88) -> 146 | ... AB90: =AVERAGE(AB89,AB88) -> 149.95
A91: Rural | B91: 2020 | C91: June | D91: 148.2 | E91: 190.3 | F91: 149.4 | G91: 153.3 | H91: 138.2 | I91: 143.2 | J91: 148.9 | K91: 150.3 | L91: 113.2 | M91: 159.8 | N91: 142.1 | O91: 161.8 | P91: 182.4 | Q91: 154.7 | R91: 150 | S91: =AVERAGE(S90,S89) -> 0 | T91: 144.9 | U91: 151.7 | V91: 158.2 | W91: 141.4 | X91: 153.2 | Y91: 161.8 | Z91: 151.2 | AA91: 151.7 | AB91: 152.7
A92: Rural | B92: 2020 | C92: July | D92: 148.2 | E92: 190.3 | F92: 149.4 | G92: 153.3 | H92: 138.2 | I92: 143.2 | J92: 148.9 | K92: 150.3 | L92: 113.2 | M92: 159.8 | N92: 142.1 | O92: 161.8 | P92: 182.4 | Q92: 154.7 | R92: 150 | S92: =AVERAGE(S91,S90) -> 0 | T92: 144.9 | U92: 151.7 | V92: 158.2 | W92: 141.4 | X92: 153.2 | Y92: 161.8 | Z92: 151.2 | AA92: 151.7 | AB92: 152.7
A93: Rural | B93: 2020 | C93: August | D93: 147.6 | E93: 187.2 | F93: 148.4 | G93: 153.3 | H93: 139.8 | I93: 146.9 | J93: 171 | K93: 149.9 | L93: 114.2 | M93: 160 | N93: 143.5 | O93: 161.5 | P93: 180.9 | Q93: 155.1 | R93: 149.3 | S93: =AVERAGE(S92,S91) -> 0 | T93: 145.8 | U93: 151.9 | V93: 158.8 | W93: 143.6 | X93: 152.2 | Y93: 162.7 | Z93: 153.6 | AA93: 153 | AB93: 154.7
A94: Rural | B94: 2020 | C94: September | D94: 146.9 | E94: 183.9 | F94: 149.5 | G94: 153.4 | H94: 140.4 | I94: 147 | J94: 178.8 | K94: 149.3 | L94: 115.1 | M94: 160 | N94: 145.4 | O94: 161.6 | P94: 182.9 | Q94: 155.4 | R94: 149.9 | S94: =AVERAGE(S93,S92) -> 0 | T94: 146.4 | U94: 151.6 | V94: 159.1 | W94: 144.6 | X94: 152.8 | Y94: 161.1 | Z94: 157.4 | AA94: 153.7 | AB94: 155.4
A95: Rural | B95: 2020 | C95: October | D95: 146 | E95: 186.3 | F95: 159.2 | G95: 153.6 | H95: 142.6 | I95: 147.2 | J95: 200.6 | K95: 150.3 | L95: 115.3 | M95: 160.9 | N95: 147.4 | O95: 161.9 | P95: 182.7 | Q95: 155.7 | R95: 150.6 | S95: =AVERAGE(S94,S93) -> 0 | T95: 146.8 | U95: 152 | V95: 159.5 | W95: 146.4 | X95: 152.4 | Y95: 162.5 | Z95: 156.2 | AA95: 154.3 | AB95: 157.5
A96: Rural | B96: 2020 | C96: November | D96: 145.4 | E96: 188.6 | F96: 171.6 | G96: 153.8 | H96: 145.4 | I96: 146.5 | J96: 222.2 | K96: 155.9 | L96: 114.9 | M96: 162 | N96: 150 | O96: 162.7 | P96: 183.4 | Q96: 156.3 | R96: 151 | S96: =AVERAGE(S95,S94) -> 0 | T96: 147.5 | U96: 152.8 | V96: 160.4 | W96: 146.1 | X96: 153.6 | Y96: 161.6 | Z96: 156.2 | AA96: 154.5 | AB96: 159.8
A97: Rural | B97: 2020 | C97: December | D97: 144.6 | E97: 188.5 | F97: 173.4 | G97: 154 | H97: 150 | I97: 145.9 | J97: 225.2 | K97: 159.5 | L97: 114.4 | M97: 163.5 | N97: 153.4 | O97: 163.6 | P97: 183.6 | Q97: 157 | R97: 151.6 | S97: =AVERAGE(S96,S95) -> 0 | T97: 148.7 | U97: 153.4 | V97: 161.6 | W97: 146.4 | X97: 153.9 | Y97: 162.9 | Z97: 156.6 | AA97: 155.2 | AB97: 160.7
A98: Rural | B98: 2021 | C98: January | D98: 143.4 | E98: 187.5 | F98: 173.4 | G98: 154 | H98: 154.8 | I98: 147 | J98: 187.8 | K98: 159.5 | L98: 113.8 | M98: 164.5 | N98: 156.1 | O98: 164.3 | P98: 184.6 | Q98: 157.5 | R98: 152.4 | S98: =AVERAGE(S97,S96) -> 0 | T98: 150.9 | U98: 153.9 | V98: 162.5 | W98: 147.5 | X98: 155.1 | Y98: 163.5 | Z98: 156.2 | AA98: 155.9 | AB98: 158.5
A99: Rural | B99: 2021 | C99: February | D99: 142.8 | E99: 184 | F99: 168 | G99: 154.4 | H99: 163 | I99: 147.8 | J99: 149.7 | K99: 158.3 | L99: 111.8 | M99: 165 | N99: 160 | O99: 165.8 | P99: 186.5 | Q99: 159.1 | R99: 153.9 | S99: =AVERAGE(S98,S97) -> 0 | T99: 154.4 | U99: 154.8 | V99: 164.3 | W99: 150.2 | X99: 157 | Y99: 163.6 | Z99: 155.2 | AA99: 157.2 | AB99: 156.7
A100: Rural | B100: 2021 | C100: March | D100: 142.5 | E100: 189.4 | F100: 163.2 | G100: 154.5 | H100: 168.2 | I100: 150.5 | J100: 141 | K100: 159.2 | L100: 111.7 | M100: 164 | N100: 160.6 | O100: 166.4 | P100: 186.1 | Q100: 159.6 | R100: 154.4 | S100: =AVERAGE(S99,S98) -> 0 | T100: 156 | U100: 154.8 | V100: 164.6 | W100: 151.3 | X100: 157.8 | Y100: 163.8 | Z100: 153.1 | AA100: 157.3 | AB100: 156.7
A101: Rural | B101: 2021 | C101: April | D101: 142.7 | E101: 195.5 | F101: 163.4 | G101: 155 | H101: 175.2 | I101: 160.6 | J101: 135.1 | K101: 161.1 | L101: 112.2 | M101: 164.4 | N101: 161.9 | O101: 166.8 | P101: 186.8 | Q101: 160.7 | R101: 155.1 | S101: =AVERAGE(S100,S99) -> 0 | T101: 156 | U101: 155.5 | V101: 165.3 | W101: 151.7 | X101: 158.6 | Y101: 164.1 | Z101: 154.6 | AA101: 158 | AB101: 157.6
A102: Rural | B102: 2021 | C102: May | D102: 145.1 | E102: 198.5 | F102: 168.6 | G102: 155.8 | H102: 184.4 | I102: 162.3 | J102: 138.4 | K102: 165.1 | L102: 114.3 | M102: 169.7 | N102: 164.6 | O102: 169.8 | P102: 189.6 | Q102: 165.3 | R102: 160.6 | S102: =AVERAGE(S101,S100) -> 0 | T102: 161.7 | U102: 158.8 | V102: 169.1 | W102: 153.2 | X102: 160 | Y102: 167.6 | Z102: 159.3 | AA102: 161.1 | AB102: 161.1
... A125: Rural | B125: 2023 | C125: April | D125: 173.3 | E125: 206.9 | F125: 167.9 | G125: 178.2 | H125: 178.5 | I125: 173.7 | J125: 142.8 | K125: 172.8 | L125: 120.4 | M125: 215.5 | N125: 178.2 | O125: 190.5 | P125: 199.5 | Q125: 190.7 | R125: 187.3 | S125: =AVERAGE(S124,S123) -> 0 | T125: 181.5 | U125: 179.1 | V125: 187.2 | W125: 169.4 | X125: 173.2 | Y125: 179.4 | Z125: 183.8 | AA125: 178.9 | AB125: 178.8
A126: Rural | B126: 2023 | C126: May | D126: 173.2 | E126: 211.5 | F126: 171 | G126: 179.6 | H126: 173.3 | I126: 169 | J126: 148.7 | K126: 174.9 | L126: 121.9 | M126: 221 | N126: 178.7 | O126: 191.1 | P126: 199.9 | Q126: 191.2 | R126: 187.9 | S126: 0 | T126: 182.5 | U126: 179.8 | V126: 187.8 | W126: 169.7 | X126: 173.8 | Y126: 180.3 | Z126: 184.9 | AA126: 179.5 | AB126: 179.8
A127: Rural+Urban | B127: 2013 | C127: January | D127: 108.4 | E127: 107.3 | F127: 110 | G127: 104.4 | H127: 105.1 | I127: 103.2 | J127: 102.2 | K127: 106 | L127: 106.2 | M127: 102.7 | N127: 104.9 | O127: 107.3 | P127: 105.1 | Q127: 106.3 | R127: 105.5 | S127: 100.3 | T127: 105.5 | U127: 104.8 | V127: 104 | W127: 103.2 | X127: 103.1 | Y127: 103.6 | Z127: 104.5 | AA127: 103.9 | AB127: 104.6
A128: Rural+Urban | B128: 2013 | C128: February | D128: 110.4 | E128: 110.2 | F128: 112.8 | G128: 104.9 | H128: 105.5 | I128: 103.6 | J128: 103.2 | K128: 105.3 | L128: 105.1 | M128: 102.8 | N128: 105.5 | O128: 108.3 | P128: 105.7 | Q128: 106.9 | R128: 106 | S128: 100.4 | T128: 106 | U128: 105.2 | V128: 104.5 | W128: 104.2 | X128: 103.6 | Y128: 103.9 | Z128: 104.5 | AA128: 104.4 | AB128: 105.3
A129: Rural+Urban | B129: 2013 | C129: March | D129: 111.4 | E129: 109.7 | F129: 111.2 | G129: 105.1 | H129: 104.9 | I129: 105.3 | J129: 102.2 | K129: 105 | L129: 104.2 | M129: 103 | N129: 106.2 | O129: 108.9 | P129: 106.6 | Q129: 107.4 | R129: 106.5 | S129: 100.4 | T129: 106.1 | U129: 105.6 | V129: 104.9 | W129: 105.1 | X129: 103.7 | Y129: 104 | Z129: 104.3 | AA129: 104.7 | AB129: 105.5
A130: Rural+Urban | B130: 2013 | C130: April | D130: 111.6 | E130: 110.9 | F130: 106.6 | G130: 105.7 | H130: 104.4 | I130: 108.9 | J130: 105.5 | K130: 105.3 | L130: 103.5 | M130: 103.3 | N130: 107.2 | O130: 109.6 | P130: 107.5 | Q130: 108 | R130: 107 | S130: 100.5 | T130: 106.5 | U130: 106.3 | V130: 105.3 | W130: 104.7 | X130: 104.2 | Y130: 105 | Z130: 102.9 | AA130: 104.8 | AB130: 106.1
A131: Rural+Urban | B131: 2013 | C131: May | D131: 112.3 | E131: 111.3 | F131: 104.7 | G131: 106.8 | H131: 103.9 | I131: 109.3 | J131: 112.9 | K131: 105.8 | L131: 103.1 | M131: 104.3 | N131: 108.1 | O131: 110.5 | P131: 108.6 | Q131: 108.7 | R131: 107.4 | S131: 100.5 | T131: 107.4 | U131: 106.9 | V131: 105.9 | W131: 104 | X131: 104.8 | Y131: 105.6 | Z131: 102.3 | AA131: 104.8 | AB131: 106.9
A132: Rural+Urban | B132: 2013 | C132: June | D132: 113.8 | E132: 114.9 | F132: 109.8 | G132: 107.9 | H132: 104.2 | I132: 110.7 | J132: 126.7 | K132: 106.3 | L132: 103.2 | M132: 105.7 | N132: 109 | O132: 111.6 | P132: 109.5 | Q132: 109.5 | R132: 108.1 | S132: 106.6 | T132: 108.3 | U132: 107.6 | V132: 106.4 | W132: 105.1 | X132: 105.4 | Y132: 107.4 | Z132: 102.8 | AA132: 105.8 | AB132: 109.3
A133: Rural+Urban | B133: 2013 | C133: July | D133: 114.8 | E133: 116.4 | F133: 111.9 | G133: 108.9 | H133: 104.3 | I133: 111.7 | J133: 140 | K133: 106.4 | L133: 103.3 | M133: 106.8 | N133: 109.6 | O133: 112.6 | P133: 110.3 | Q133: 110.2 | R133: 108.8 | S133: 107.7 | T133: 109.2 | U133: 108.2 | V133: 107 | W133: 107.1 | X133: 106.1 | Y133: 109.1 | Z133: 102.8 | AA133: 106.9 | AB133: 111
A134: Rural+Urban | B134: 2013 | C134: August | D134: 115.6 | E134: 117.2 | F134: 111.7 | G134: 109.6 | H134: 104.5 | I134: 109.8 | J134: 151.8 | K134: 106.5 | L134: 103.1 | M134: 107.4 | N134: 110.2 | O134: 113.4 | P134: 111.2 | Q134: 111 | R134: 109.4 | S134: 108.9 | T134: 109.7 | U134: 108.7 | V134: 107.5 | W134: 108 | X134: 106.6 | Y134: 109.9 | Z134: 105.4 | AA134: 107.9 | AB134: 112.4
A135: Rural+Urban | B135: 2013 | C135: September | D135: 116.4 | E135: 116.9 | F135: 112.3 | G135: 110.5 | H135: 105.3 | I135: 107.3 | J135: 160.9 | K135: 107.1 | L135: 103.1 | M135: 108.3 | N135: 110.7 | O135: 114.6 | P135: 112 | Q135: 112.2 | R135: 110.4 | S135: 109.7 | T135: 110.5 | U135: 109.6 | V135: 108.1 | W135: 109.9 | X135: 107.5 | Y135: 110.6 | Z135: 106.8 | AA135: 109 | AB135: 113.7
A136: Rural+Urban | B136: 2013 | C136: October | D136: 117.1 | E136: 116.3 | F136: 113.3 | G136: 111.2 | H136: 105.7 | I136: 109.9 | J136: 171.2 | K136: 107.3 | L136: 102.7 | M136: 108.7 | N136: 111.2 | O136: 115.4 | P136: 112.5 | Q136: 113.2 | R136: 111.2 | S136: 110.5 | T136: 110.9 | U136: 110.3 | V136: 108.6 | W136: 109.5 | X136: 108.1 | Y136: 110.8 | Z136: 107.4 | AA136: 109.2 | AB136: 114.8
A137: Rural+Urban | B137: 2013 | C137: November | D137: 118.1 | E137: 115.4 | F137: 118.7 | G137: 112.5 | H137: 106.8 | I137: 113.5 | J137: 183.1 | K137: 108.2 | L137: 102.2 | M137: 109.4 | N137: 111.8 | O137: 116.5 | P137: 113.1 | Q137: 114.2 | R137: 111.9 | S137: 111.1 | T137: 111.6 | U137: 111.1 | V137: 109.3 | W137: 109.5 | X137: 108.6 | Y137: 111.2 | Z137: 108.1 | AA137: 109.7 | AB137: 116.3
... A212: Rural+Urban | B212: 2020 | C212: March | D212: 145.1 | E212: 167 | F212: 148.1 | G212: 151.5 | H212: 131.2 | I212: 142.5 | J212: 157.3 | K212: 141.1 | L212: 113.2 | M212: 153.2 | N212: 136.7 | O212: 159.6 | P212: 171.2 | Q212: 151.2 | R212: 141.9 | S212: 154.5 | T212: 148.9 | U212: 146.4 | V212: 152.3 | W212: 129.9 | X212: 143.7 | Y212: 156.1 | Z212: 145.2 | AA212: 143.8 | AB212: 148.6
A213: Rural+Urban | B213: 2020 | C213: April | D213: 148.7 | E213: =AVERAGE(E212,E211) -> 167.25 | F213: 148.8 | G213: 155.6 | H213: 135.1 | I213: 149.9 | J213: 168.6 | K213: 150.4 | L213: 120.3 | M213: 157.1 | N213: 136.8 | O213: =AVERAGE(O212,O211) -> 159.35 | P213: =AVERAGE(P212,P211) -> 170.65 | Q213: =AVERAGE(Q212,Q211) -> 151 | R213: =AVERAGE(R212,R211) -> 141.8 | S213: 155.6 | T213: 144.1 | U213: =AVERAGE(U212,U211) -> 146.4 | V213: 150.7 | W213: =AVERAGE(W212,W211) -> 130.1 | X213: =AVERAGE(X212,X211) -> 143.45 | Y213: =AVERAGE(Y212,Y211) -> 156.15 | Z213: =AVERAGE(Z212,Z211) -> 144.3 | AA213: =AVERAGE(AA212,AA211) -> 143.7 | AB213: =AVERAGE(AB212,AB211) -> 148.85
A214: Rural+Urban | B214: 2020 | C214: May | D214: =AVERAGE(D213,D212) -> 146.9 | E214: =AVERAGE(E213,E212) -> 167.125 | F214: =AVERAGE(F213,F212) -> 148.45 | G214: =AVERAGE(G213,G212) -> 153.55 | H214: =AVERAGE(H213,H212) -> 133.15 | I214: =AVERAGE(I213,I212) -> 146.2 | J214: =AVERAGE(J213,J212) -> 162.95 | K214: =AVERAGE(K213,K212) -> 145.75 | ... AB214: =AVERAGE(AB213,AB212) -> 148.725
A215: Rural+Urban | B215: 2020 | C215: June | D215: 149.6 | E215: 192.7 | F215: 151.4 | G215: 153.3 | H215: 136.3 | I215: 147.2 | J215: 156.5 | K215: 150.9 | L215: 114.2 | M215: 159.5 | N215: 139.4 | O215: 161.8 | P215: 183.5 | Q215: 152.5 | R215: 144.4 | S215: 154.7 | T215: 141.9 | U215: 146.4 | V215: 154.4 | W215: 135 | X215: 148.3 | Y215: 156.4 | Z215: 151.6 | AA215: 147 | AB215: 151.8
A216: Rural+Urban | B216: 2020 | C216: July | D216: 149.6 | E216: 192.7 | F216: 151.4 | G216: 153.3 | H216: 136.3 | I216: 147.2 | J216: 156.5 | K216: 150.9 | L216: 114.2 | M216: 159.5 | N216: 139.4 | O216: 161.8 | P216: 183.5 | Q216: 152.5 | R216: 144.4 | S216: 154.7 | T216: 141.9 | U216: 146.4 | V216: 154.4 | W216: 135 | X216: 148.3 | Y216: 156.4 | Z216: 151.6 | AA216: 147 | AB216: 151.8
A217: Rural+Urban | B217: 2020 | C217: August | D217: 148.9 | E217: 190.9 | F217: 150.8 | G217: 153.3 | H217: 137.4 | I217: 150.4 | J217: 178.1 | K217: 150.4 | L217: 115.1 | M217: 160 | N217: 140.6 | O217: 162.3 | P217: 182.6 | Q217: 153.1 | R217: 143.4 | S217: 155.5 | T217: 143 | U217: 148.4 | V217: 155 | W217: 138.5 | X217: 146 | Y217: 158.5 | Z217: 154.3 | AA217: 149 | AB217: 153.9
A218: Rural+Urban | B218: 2020 | C218: September | D218: 148.4 | E218: 187.1 | F218: 152.5 | G218: 153.6 | H218: 138.2 | I218: 150.9 | J218: 186.7 | K218: 149.8 | L218: 116.4 | M218: 160.3 | N218: 142.2 | O218: 162.9 | P218: 184.4 | Q218: 153.4 | R218: 144.3 | S218: 156.3 | T218: 142.9 | U218: 148.7 | V218: 155.6 | W218: 139.6 | X218: 146.6 | Y218: 157.5 | Z218: 158.4 | AA218: 150 | AB218: 154.7
A219: Rural+Urban | B219: 2020 | C219: October | D219: 147.5 | E219: 188.9 | F219: 161.4 | G219: 153.6 | H219: 140.1 | I219: 151.2 | J219: 209.2 | K219: 150.9 | L219: 116.2 | M219: 161 | N219: 144 | O219: 163.2 | P219: 184.3 | Q219: 153.7 | R219: 144.6 | S219: 156.5 | T219: 143.1 | U219: 148.7 | V219: 156.3 | W219: 140.6 | X219: 146.5 | Y219: 158.5 | Z219: 157 | AA219: 150.4 | AB219: 156.4
A220: Rural+Urban | B220: 2020 | C220: November | D220: 146.8 | E220: 191 | F220: 173.6 | G220: 153.8 | H220: 142.7 | I220: 148.4 | J220: 230 | K220: 156.8 | L220: 115.7 | M220: 161.8 | N220: 146.5 | O220: 163.8 | P220: 184.8 | Q220: 154.3 | R220: 144.9 | S220: 158 | T220: 143.6 | U220: 149.2 | V220: 157.2 | W220: 140.4 | X220: 148.4 | Y220: 158.6 | Z220: 156.9 | AA220: 150.7 | AB220: 158.4
A221: Rural+Urban | B221: 2020 | C221: December | D221: 146 | E221: 191 | F221: 175.3 | G221: 154.1 | H221: 146.6 | I221: 147.7 | J221: 230.5 | K221: 160.2 | L221: 115.3 | M221: 163 | N221: 149.2 | O221: 164.8 | P221: 185.4 | Q221: 155 | R221: 145.4 | S221: 158.4 | T221: 144.6 | U221: 149.7 | V221: 158.3 | W221: 140.7 | X221: 148.5 | Y221: 159.4 | Z221: 157.1 | AA221: 151.2 | AB221: 158.9
A222: Rural+Urban | B222: 2021 | C222: January | D222: 144.9 | E222: 190.1 | F222: 175.3 | G222: 154.1 | H222: 150.9 | I222: 149.6 | J222: 194.2 | K222: 160.4 | L222: 114.6 | M222: 164 | N222: 151.8 | O222: 165.6 | P222: 186.5 | Q222: 155.5 | R222: 146.1 | S222: 157.7 | T222: 147.9 | U222: 150 | V222: 159.3 | W222: 141.9 | X222: 149.6 | Y222: 159.2 | Z222: 156.8 | AA222: 151.9 | AB222: 157.3
A223: Rural+Urban | B223: 2021 | C223: February | D223: 144.3 | E223: 186.5 | F223: 168.7 | G223: 154.7 | H223: 158.7 | I223: 150.7 | J223: 160 | K223: 158.8 | L223: 112.8 | M223: 164.2 | N223: 155.5 | O223: 167.5 | P223: 188.3 | Q223: 157.2 | R223: 147.4 | S223: 159.8 | T223: 152.4 | U223: 150.9 | V223: 161.3 | W223: 145.1 | X223: 151.5 | Y223: 159.5 | Z223: 155.8 | AA223: 153.4 | AB223: 156.6
A224: Rural+Urban | B224: 2021 | C224: March | D224: 144.1 | E224: 192.2 | F224: 163.8 | G224: 154.9 | H224: 163.9 | I224: 153.7 | J224: 149.5 | K224: 159.8 | L224: 112.6 | M224: 163.5 | N224: 156.5 | O224: 168.2 | P224: 188.1 | Q224: 157.8 | R224: 147.9 | S224: 159.9 | T224: 155.5 | U224: 151.2 | V224: 161.7 | W224: 146.2 | X224: 152.6 | Y224: 160.2 | Z224: 153.8 | AA224: 153.8 | AB224: 156.8
A225: Rural+Urban | B225: 2021 | C225: April | D225: 144.3 | E225: 198 | F225: 164.6 | G225: 155.4 | H225: 170.1 | I225: 164.4 | J225: 144.1 | K225: 161.7 | L225: 113.1 | M225: 163.9 | N225: 157.6 | O225: 168.9 | P225: 188.8 | Q225: 158.8 | R225: 148.5 | S225: 161.4 | T225: 155.6 | U225: 151.8 | V225: 162.3 | W225: 146.6 | X225: 153.2 | Y225: 160.3 | Z225: 155.4 | AA225: 154.4 | AB225: 157.8
A226: Rural+Urban | B226: 2021 | C226: May | D226: 146.3 | E226: 200.5 | F226: 170.3 | G226: 156.1 | H226: 178.7 | I226: 167.1 | J226: 147.9 | K226: 165.4 | L226: 114.8 | M226: 168.2 | N226: 159.3 | O226: 170.4 | P226: 191.9 | Q226: 161.8 | R226: 152.1 | S226: 161.6 | T226: 159.4 | U226: 154.7 | V226: 165.8 | W226: 148.9 | X226: 155.8 | Y226: 161.2 | Z226: 158.6 | AA226: 156.8 | AB226: 160.4
... A336: Urban | B336: 2020 | C336: March | D336: 146.5 | E336: 167.5 | F336: 148.9 | G336: 151.1 | H336: 127.5 | I336: 143.3 | J336: 167 | K336: 139.7 | L336: 114.4 | M336: 151.5 | N336: 131.9 | O336: 159.1 | P336: 173.3 | Q336: 147.7 | R336: 133.8 | S336: 154.5 | T336: 141.4 | U336: 140.8 | V336: 145 | W336: 124.6 | X336: 137.9 | Y336: 152.5 | Z336: 145.3 | AA336: 138.7 | AB336: 147.3
A337: Urban | B337: 2020 | C337: April | D337: 151.8 | E337: =AVERAGE(E336,E335) -> 167.55 | F337: 151.9 | G337: 155.5 | H337: 131.6 | I337: 152.9 | J337: 180 | K337: 150.8 | L337: 121.2 | M337: 154 | N337: 133.5 | O337: =AVERAGE(O336,O335) -> 159.05 | P337: =AVERAGE(P336,P335) -> 172.65 | Q337: =AVERAGE(Q336,Q335) -> 147.5 | R337: =AVERAGE(R336,R335) -> 133.65 | S337: 155.6 | T337: 137.1 | U337: =AVERAGE(U336,U335) -> 140.6 | V337: 144.8 | W337: =AVERAGE(W336,W335) -> 124.9 | X337: =AVERAGE(X336,X335) -> 137.8 | Y337: =AVERAGE(Y336,Y335) -> 152.35 | Z337: =AVERAGE(Z336,Z335) -> 144.4 | AA337: =AVERAGE(AA336,AA335) -> 138.55 | AB337: =AVERAGE(AB336,AB335) -> 147.5
A338: Urban | B338: 2020 | C338: May | D338: =AVERAGE(D337,D336) -> 149.15 | E338: =AVERAGE(E337,E336) -> 167.525 | F338: =AVERAGE(F337,F336) -> 150.4 | G338: =AVERAGE(G337,G336) -> 153.3 | H338: =AVERAGE(H337,H336) -> 129.55 | I338: =AVERAGE(I337,I336) -> 148.1 | J338: =AVERAGE(J337,J336) -> 173.5 | K338: =AVERAGE(K337,K336) -> 145.25 | ... AB338: =AVERAGE(AB337,AB336) -> 147.4
A339: Urban | B339: 2020 | C339: June | D339: 152.7 | E339: 197 | F339: 154.6 | G339: 153.4 | H339: 132.9 | I339: 151.8 | J339: 171.2 | K339: 152 | L339: 116.3 | M339: 158.8 | N339: 135.6 | O339: 161.7 | P339: 186.7 | Q339: 149.1 | R339: 136.6 | S339: 154.7 | T339: 137.1 | U339: 140.4 | V339: 148.1 | W339: 129.3 | X339: 144.5 | Y339: 152.5 | Z339: 152.2 | AA339: 142 | AB339: 150.8
A340: Urban | B340: 2020 | C340: July | D340: 152.7 | E340: 197 | F340: 154.6 | G340: 153.4 | H340: 132.9 | I340: 151.8 | J340: 171.2 | K340: 152 | L340: 116.3 | M340: 158.8 | N340: 135.6 | O340: 161.7 | P340: 186.7 | Q340: 149.1 | R340: 136.6 | S340: 154.7 | T340: 137.1 | U340: 140.4 | V340: 148.1 | W340: 129.3 | X340: 144.5 | Y340: 152.5 | Z340: 152.2 | AA340: 142 | AB340: 150.8
A341: Urban | B341: 2020 | C341: August | D341: 151.6 | E341: 197.8 | F341: 154.5 | G341: 153.4 | H341: 133.4 | I341: 154.5 | J341: 191.9 | K341: 151.3 | L341: 116.8 | M341: 160 | N341: 136.5 | O341: 163.3 | P341: 187.2 | Q341: 150 | R341: 135.2 | S341: 155.5 | T341: 138.3 | U341: 144.5 | V341: 148.7 | W341: 133.9 | X341: 141.2 | Y341: 155.5 | Z341: 155.2 | AA341: 144.8 | AB341: 152.9
A342: Urban | B342: 2020 | C342: September | D342: 151.5 | E342: 193.1 | F342: 157.3 | G342: 153.9 | H342: 134.4 | I342: 155.4 | J342: 202 | K342: 150.8 | L342: 118.9 | M342: 160.9 | N342: 137.7 | O342: 164.4 | P342: 188.7 | Q342: 150.2 | R342: 136.3 | S342: 156.3 | T342: 137.2 | U342: 145.4 | V342: 150 | W342: 135.1 | X342: 141.8 | Y342: 154.9 | Z342: 159.8 | AA342: 146 | AB342: 154
A343: Urban | B343: 2020 | C343: October | D343: 150.6 | E343: 193.7 | F343: 164.8 | G343: 153.7 | H343: 135.7 | I343: 155.7 | J343: 226 | K343: 152.2 | L343: 118.1 | M343: 161.3 | N343: 139.2 | O343: 164.8 | P343: 188.7 | Q343: 150.5 | R343: 136.1 | S343: 156.5 | T343: 137.1 | U343: 145.1 | V343: 151 | W343: 135.4 | X343: 142 | Y343: 155.7 | Z343: 158.1 | AA343: 146.2 | AB343: 155.2
A344: Urban | B344: 2020 | C344: November | D344: 149.7 | E344: 195.5 | F344: 176.9 | G344: 153.9 | H344: 138 | I344: 150.5 | J344: 245.3 | K344: 158.7 | L344: 117.2 | M344: 161.4 | N344: 141.5 | O344: 165.1 | P344: 188.8 | Q344: 151.1 | R344: 136.4 | S344: 158 | T344: 137.3 | U344: 145.1 | V344: 152 | W344: 135.2 | X344: 144.4 | Y344: 156.4 | Z344: 157.9 | AA344: 146.6 | AB344: 156.7
A345: Urban | B345: 2020 | C345: December | D345: 149 | E345: 195.7 | F345: 178.3 | G345: 154.2 | H345: 140.7 | I345: 149.7 | J345: 240.9 | K345: 161.5 | L345: 117.1 | M345: 161.9 | N345: 143.3 | O345: 166.1 | P345: 190.2 | Q345: 151.9 | R345: 136.7 | S345: 158.4 | T345: 137.9 | U345: 145.5 | V345: 152.9 | W345: 135.5 | X345: 144.3 | Y345: 156.9 | Z345: 157.9 | AA345: 146.9 | AB345: 156.9
A346: Urban | B346: 2021 | C346: January | D346: 148 | E346: 194.8 | F346: 178.4 | G346: 154.4 | H346: 144.1 | I346: 152.6 | J346: 206.8 | K346: 162.1 | L346: 116.3 | M346: 163 | N346: 145.9 | O346: 167.2 | P346: 191.8 | Q346: 152.5 | R346: 137.3 | S346: 157.7 | T346: 142.9 | U346: 145.7 | V346: 154.1 | W346: 136.9 | X346: 145.4 | Y346: 156.1 | Z346: 157.7 | AA346: 147.6 | AB346: 156
A347: Urban | B347: 2021 | C347: February | D347: 147.6 | E347: 191.2 | F347: 169.9 | G347: 155.1 | H347: 151.4 | I347: 154 | J347: 180.2 | K347: 159.8 | L347: 114.9 | M347: 162.5 | N347: 149.2 | O347: 169.4 | P347: 193.3 | Q347: 154.2 | R347: 138.2 | S347: 159.8 | T347: 149.1 | U347: 146.5 | V347: 156.3 | W347: 140.5 | X347: 147.3 | Y347: 156.6 | Z347: 156.7 | AA347: 149.3 | AB347: 156.5
A348: Urban | B348: 2021 | C348: March | D348: 147.5 | E348: 197.5 | F348: 164.7 | G348: 155.6 | H348: 156.4 | I348: 157.3 | J348: 166.1 | K348: 161.1 | L348: 114.3 | M348: 162.6 | N348: 150.7 | O348: 170.3 | P348: 193.5 | Q348: 155.1 | R348: 138.7 | S348: 159.9 | T348: 154.8 | U348: 147.2 | V348: 156.9 | W348: 141.7 | X348: 148.6 | Y348: 157.6 | Z348: 154.9 | AA348: 150 | AB348: 156.9
A349: Urban | B349: 2021 | C349: April | D349: 147.6 | E349: 202.5 | F349: 166.4 | G349: 156 | H349: 161.4 | I349: 168.8 | J349: 161.6 | K349: 162.8 | L349: 114.8 | M349: 162.8 | N349: 151.5 | O349: 171.4 | P349: 194.4 | Q349: 155.9 | R349: 139.3 | S349: 161.4 | T349: 154.9 | U349: 147.6 | V349: 157.5 | W349: 142.1 | X349: 149.1 | Y349: 157.6 | Z349: 156.6 | AA349: 150.5 | AB349: 158
A350: Urban | B350: 2021 | C350: May | D350: 148.8 | E350: 204.3 | F350: 173 | G350: 156.5 | H350: 168.8 | I350: 172.5 | J350: 166.5 | K350: 165.9 | L350: 115.9 | M350: 165.2 | N350: 152 | O350: 171.1 | P350: 198.2 | Q350: 156.5 | R350: 140.2 | S350: 161.6 | T350: 155.5 | U350: 150.1 | V350: 160.4 | W350: 145 | X350: 152.6 | Y350: 156.6 | Z350: 157.5 | AA350: 152.3 | AB350: 159.5
... A374: Urban | B374: 2023 | C374: May | D374: 174.7 | E374: 219.4 | F374: 176.7 | G374: 179.4 | H374: 164.4 | I374: 175.8 | J374: 185 | K374: 176.9 | L374: 124.2 | M374: 211.9 | N374: 165.9 | O374: 197.7 | P374: 204.2 | Q374: 181.3 | R374: 168.1 | S374: 175.6 | T374: 183.4 | U374: 170.1 | V374: 182.2 | W374: 160.4 | X374: 169.2 | Y374: 174.8 | Z374: 185.6 | AA374: 171.6 | AB374: 178.2

Sheet Unpivoted
A1: Sector | B1: Year | C1: Month | D1: Categories | E1: Index Value
A2: Rural | B2: 2013 | C2: January | D2: Cereals and products | E2: 107.5
A3: Rural | B3: 2013 | C3: January | D3: Meat and fish | E3: 106.3
A4: Rural | B4: 2013 | C4: January | D4: Egg | E4: 108.1
A5: Rural | B5: 2013 | C5: January | D5: Milk and products | E5: 104.9
A6: Rural | B6: 2013 | C6: January | D6: Oils and fats | E6: 106.1
A7: Rural | B7: 2013 | C7: January | D7: Fruits | E7: 103.9
A8: Rural | B8: 2013 | C8: January | D8: Vegetables | E8: 101.9
A9: Rural | B9: 2013 | C9: January | D9: Pulses and products | E9: 106.1
A10: Rural | B10: 2013 | C10: January | D10: Sugar and Confectionery | E10: 106.8
A11: Rural | B11: 2013 | C11: January | D11: Spices | E11: 103.1
A12: Rural | B12: 2013 | C12: January | D12: Nonalcoholic beverages | E12: 104.8
A13: Rural | B13: 2013 | C13: January | D13: Prepared meals, Snacks, sweets etc. | E13: 106.7
... A9301: Urban | B9301: 2023 | C9301: May | D9301: General index | E9301: 178.2

Sheet Categories Bucket
A1: Categories | B1: Bucket
A2: Cereals and products | B2: Food And Bevereges
A3: Meat and fish | B3: Food And Bevereges
A4: Egg | B4: Food And Bevereges
A5: Milk and products | B5: Food And Bevereges
A6: Oils and fats | B6: Food And Bevereges
A7: Fruits | B7: Food And Bevereges
A8: Vegetables | B8: Food And Bevereges
A9: Pulses and products | B9: Food And Bevereges
A10: Sugar and Confectionery | B10: Food And Bevereges
A11: Spices | B11: Food And Bevereges
A12: Nonalcoholic beverages | B12: Food And Bevereges
... A26: General index | B26: General Index

Sheet Final Data
A1: Sector | B1: Year | C1: Month | D1: Specific Month | E1: Categories | F1: Index Value | G1: Bucket
A2: Rural | B2: 2013 | C2: January | D2: =DATEVALUE("1 "&_xlfn.CONCAT(Merge1_1[[#This Row],[Month]],"-",Merge1_1[[#This Row],[Year]])) -> 41275 | E2: Cereals and products | F2: 107.5 | G2: Food And Bevereges
A3: Rural | B3: 2013 | C3: February | D3: =DATEVALUE("1 "&_xlfn.CONCAT(Merge1_1[[#This Row],[Month]],"-",Merge1_1[[#This Row],[Year]])) -> 41306 | E3: Cereals and products | F3: 109.2 | G3: Food And Bevereges
A4: Rural | B4: 2013 | C4: January | D4: =DATEVALUE("1 "&_xlfn.CONCAT(Merge1_1[[#This Row],[Month]],"-",Merge1_1[[#This Row],[Year]])) -> 41275 | E4: Meat and fish | F4: 106.3 | G4: Food And Bevereges
A5: Rural | B5: 2013 | C5: January | D5: =DATEVALUE("1 "&_xlfn.CONCAT(Merge1_1[[#This Row],[Month]],"-",Merge1_1[[#This Row],[Year]])) -> 41275 | E5: Egg | F5: 108.1 | G5: Food And Bevereges
A6: Rural | B6: 2013 | C6: January | D6: =DATEVALUE("1 "&_xlfn.CONCAT(Merge1_1[[#This Row],[Month]],"-",Merge1_1[[#This Row],[Year]])) -> 41275 | E6: Milk and products | F6: 104.9 | G6: Food And Bevereges
A7: Rural | B7: 2013 | C7: January | D7: =DATEVALUE("1 "&_xlfn.CONCAT(Merge1_1[[#This Row],[Month]],"-",Merge1_1[[#This Row],[Year]])) -> 41275 | E7: Oils and fats | F7: 106.1 | G7: Food And Bevereges
A8: Rural | B8: 2013 | C8: January | D8: =DATEVALUE("1 "&_xlfn.CONCAT(Merge1_1[[#This Row],[Month]],"-",Merge1_1[[#This Row],[Year]])) -> 41275 | E8: Fruits | F8: 103.9 | G8: Food And Bevereges
A9: Rural | B9: 2013 | C9: January | D9: =DATEVALUE("1 "&_xlfn.CONCAT(Merge1_1[[#This Row],[Month]],"-",Merge1_1[[#This Row],[Year]])) -> 41275 | E9: Vegetables | F9: 101.9 | G9: Food And Bevereges
A10: Rural | B10: 2013 | C10: January | D10: =DATEVALUE("1 "&_xlfn.CONCAT(Merge1_1[[#This Row],[Month]],"-",Merge1_1[[#This Row],[Year]])) -> 41275 | E10: Pulses and products | F10: 106.1 | G10: Food And Bevereges
A11: Rural | B11: 2013 | C11: January | D11: =DATEVALUE("1 "&_xlfn.CONCAT(Merge1_1[[#This Row],[Month]],"-",Merge1_1[[#This Row],[Year]])) -> 41275 | E11: Sugar and Confectionery | F11: 106.8 | G11: Food And Bevereges
A12: Rural | B12: 2013 | C12: January | D12: =DATEVALUE("1 "&_xlfn.CONCAT(Merge1_1[[#This Row],[Month]],"-",Merge1_1[[#This Row],[Year]])) -> 41275 | E12: Spices | F12: 103.1 | G12: Food And Bevereges
A13: Rural | B13: 2013 | C13: January | D13: =DATEVALUE("1 "&_xlfn.CONCAT(Merge1_1[[#This Row],[Month]],"-",Merge1_1[[#This Row],[Year]])) -> 41275 | E13: Nonalcoholic beverages | F13: 104.8 | G13: Food And Bevereges
... A9301: Urban | B9301: 2023 | C9301: May | D9301: =DATEVALUE("1 "&_xlfn.CONCAT(Merge1_1[[#This Row],[Month]],"-",Merge1_1[[#This Row],[Year]])) -> 45047 | E9301: General index | F9301: 178.2 | G9301: General Index

Sheet Bucket1
A1: Categories | B1: Bucket
A2: Cereals and products | B2: Food And Bevereges
A3: Meat and fish | B3: Food And Bevereges
A4: Egg | B4: Food And Bevereges
A5: Milk and products | B5: Food And Bevereges
A6: Oils and fats | B6: Food And Bevereges
A7: Fruits | B7: Food And Bevereges
A8: Vegetables | B8: Food And Bevereges
A9: Pulses and products | B9: Food And Bevereges
A10: Sugar and Confectionery | B10: Food And Bevereges
A11: Spices | B11: Food And Bevereges
A12: Nonalcoholic beverages | B12: Food And Bevereges
... A26: General index | B26: General Index

Sheet BUCKETING
A1: Sector | B1: Year | C1: Month | D1: Specific Month | E1: Date Value | F1: Cereals and products | G1: Meat and fish | H1: Egg | I1: Milk and products | J1: Oils and fats | K1: Fruits | L1: Vegetables | M1: Pulses and products | N1: Sugar and Confectionery | O1: Spices | P1: Nonalcoholic beverages | Q1: Prepared meals, snacks, sweets etc. | R1: FOOD AND BEVERAGES | S1: Food and beverages2 | T1: Clothing | U1: Footwear | V1: CLOTHING AND FOOTWEAR | W1: Clothing and footwear3 | X1: Housing | Y1: Health | Z1: Education | AA1: ESSENTIAL | AB1: Fuel and light | AC1: Transport and communication | AD1: ENERGY | AE1: Household goods and services | AF1: Recreation and amusement | AG1: Personal care and effects | AH1: Miscellaneous | AI1: Pan, tobacco and intoxicants | AJ1: LUXURY | AK1: General index
A2: Rural | B2: 2013 | C2: January | D2: =_xlfn.CONCAT(C2, " ",B2) -> January 2013 | E2: =DATEVALUE("1 "&D2) -> 41275 | F2: 107.5 | G2: 106.3 | H2: 108.1 | I2: 104.9 | J2: 106.1 | K2: 103.9 | L2: 101.9 | M2: 106.1 | N2: 106.8 | O2: 103.1 | P2: 104.8 | Q2: 106.7 | R2: =SUM(F2:Q2) -> 1266.2 | S2: 105.5 | T2: 106.5 | U2: 105.8 | V2: =SUM(T2:U2) -> 212.3 | W2: 106.4 | X2: 0 | Y2: 104 | Z2: 103.8 | AA2: =SUM(X2:Z2) -> 207.8 | AB2: 105.5 | AC2: 103.3 | AD2: =SUM(AB2:AC2) -> 208.8 | AE2: 104.8 | AF2: 103.4 | AG2: 104.7 | AH2: 104 | AI2: 105.1 | AJ2: =SUM(AE2:AI2) -> 522 | AK2: 105.1
A3: Rural | B3: 2013 | C3: February | D3: =_xlfn.CONCAT(C3, " ",B3) -> February 2013 | E3: =DATEVALUE("1 "&D3) -> 41306 | F3: 109.2 | G3: 108.7 | H3: 110.2 | I3: 105.4 | J3: 106.7 | K3: 104 | L3: 102.4 | M3: 105.9 | N3: 105.7 | O3: 103.1 | P3: 105.1 | Q3: 107.7 | R3: =SUM(F3:Q3) -> 1274.1 | S3: 106.3 | T3: 107.1 | U3: 106.3 | V3: =SUM(T3:U3) -> 213.4 | W3: 107 | X3: 0 | Y3: 104.4 | Z3: 104.1 | AA3: =SUM(X3:Z3) -> 208.5 | AB3: 106.2 | AC3: 103.9 | AD3: =SUM(AB3:AC3) -> 210.1 | AE3: 105.2 | AF3: 104 | AG3: 104.6 | AH3: 104.4 | AI3: 105.6 | AJ3: =SUM(AE3:AI3) -> 523.8 | AK3: 105.8
A4: Rural | B4: 2013 | C4: March | D4: =_xlfn.CONCAT(C4, " ",B4) -> March 2013 | E4: =DATEVALUE("1 "&D4) -> 41334 | F4: 110.2 | G4: 108.8 | H4: 109.9 | I4: 105.6 | J4: 106.2 | K4: 105.7 | L4: 101.4 | M4: 105.7 | N4: 105 | O4: 103.3 | P4: 105.6 | Q4: 108.2 | R4: =SUM(F4:Q4) -> 1275.6 | S4: 106.6 | T4: 107.6 | U4: 106.8 | V4: =SUM(T4:U4) -> 214.4 | W4: 107.5 | X4: 0 | Y4: 104.7 | Z4: 104.3 | AA4: =SUM(X4:Z4) -> 209 | AB4: 106.1 | AC4: 104.6 | AD4: =SUM(AB4:AC4) -> 210.7 | AE4: 105.6 | AF4: 104 | AG4: 104.3 | AH4: 104.6 | AI4: 106.5 | AJ4: =SUM(AE4:AI4) -> 525 | AK4: 106
A5: Rural | B5: 2013 | C5: April | D5: =_xlfn.CONCAT(C5, " ",B5) -> April 2013 | E5: =DATEVALUE("1 "&D5) -> 41365 | F5: 110.2 | G5: 109.5 | H5: 106.9 | I5: 106.3 | J5: 105.7 | K5: 108.3 | L5: 103.4 | M5: 105.7 | N5: 104.2 | O5: 103.2 | P5: 106.5 | Q5: 108.8 | R5: =SUM(F5:Q5) -> 1278.7 | S5: 107.1 | T5: 108.1 | U5: 107.4 | V5: =SUM(T5:U5) -> 215.5 | W5: 108 | X5: 0 | Y5: 105.1 | Z5: 104.8 | AA5: =SUM(X5:Z5) -> 209.9 | AB5: 106.5 | AC5: 104.4 | AD5: =SUM(AB5:AC5) -> 210.9 | AE5: 106.1 | AF5: 104.5 | AG5: 102.7 | AH5: 104.6 | AI5: 107.1 | AJ5: =SUM(AE5:AI5) -> 525 | AK5: 106.4
A6: Rural | B6: 2013 | C6: May | D6: =_xlfn.CONCAT(C6, " ",B6) -> May 2013 | E6: =DATEVALUE("1 "&D6) -> 41395 | F6: 110.9 | G6: 109.8 | H6: 105.9 | I6: 107.5 | J6: 105.3 | K6: 108.1 | L6: 107.3 | M6: 106.1 | N6: 103.7 | O6: 104 | P6: 107.4 | Q6: 109.9 | R6: =SUM(F6:Q6) -> 1285.9 | S6: 108.1 | T6: 108.8 | U6: 107.9 | V6: =SUM(T6:U6) -> 216.7 | W6: 108.6 | X6: 0 | Y6: 105.7 | Z6: 105.5 | AA6: =SUM(X6:Z6) -> 211.2 | AB6: 107.5 | AC6: 104.1 | AD6: =SUM(AB6:AC6) -> 211.6 | AE6: 106.8 | AF6: 105 | AG6: 102.1 | AH6: 104.8 | AI6: 108.1 | AJ6: =SUM(AE6:AI6) -> 526.8 | AK6: 107.2
A7: Rural | B7: 2013 | C7: June | D7: =_xlfn.CONCAT(C7, " ",B7) -> June 2013 | E7: =DATEVALUE("1 "&D7) -> 41426 | F7: 112.3 | G7: 112.1 | H7: 108.1 | I7: 108.3 | J7: 105.9 | K7: 109.2 | L7: 118 | M7: 106.8 | N7: 104.1 | O7: 105.4 | P7: 108.2 | Q7: 111 | R7: =SUM(F7:Q7) -> 1309.4 | S7: 110.6 | T7: 109.7 | U7: 108.8 | V7: =SUM(T7:U7) -> 218.5 | W7: 109.5 | X7: 0 | Y7: 106.3 | Z7: 106.5 | AA7: =SUM(X7:Z7) -> 212.8 | AB7: 108.5 | AC7: 105 | AD7: =SUM(AB7:AC7) -> 213.5 | AE7: 107.5 | AF7: 105.6 | AG7: 102.5 | AH7: 105.5 | AI7: 109 | AJ7: =SUM(AE7:AI7) -> 530.1 | AK7: 108.9
A8: Rural | B8: 2013 | C8: July | D8: =_xlfn.CONCAT(C8, " ",B8) -> July 2013 | E8: =DATEVALUE("1 "&D8) -> 41456 | F8: 113.4 | G8: 114.9 | H8: 110.5 | I8: 109.3 | J8: 106.2 | K8: 110.3 | L8: 129.2 | M8: 107.1 | N8: 104.3 | O8: 106.4 | P8: 109.1 | Q8: 112.1 | R8: =SUM(F8:Q8) -> 1332.8 | S8: 113.1 | T8: 110.5 | U8: 109.5 | V8: =SUM(T8:U8) -> 220 | W8: 110.3 | X8: 0 | Y8: 106.9 | Z8: 107.8 | AA8: =SUM(X8:Z8) -> 214.7 | AB8: 109.5 | AC8: 106.8 | AD8: =SUM(AB8:AC8) -> 216.3 | AE8: 108.3 | AF8: 106.4 | AG8: 102.5 | AH8: 106.5 | AI8: 109.8 | AJ8: =SUM(AE8:AI8) -> 533.5 | AK8: 110.7
A9: Rural | B9: 2013 | C9: August | D9: =_xlfn.CONCAT(C9, " ",B9) -> August 2013 | E9: =DATEVALUE("1 "&D9) -> 41487 | F9: 114.3 | G9: 115.4 | H9: 111.1 | I9: 110 | J9: 106.4 | K9: 110.8 | L9: 138.9 | M9: 107.4 | N9: 104.1 | O9: 106.9 | P9: 109.7 | Q9: 112.6 | R9: =SUM(F9:Q9) -> 1347.6 | S9: 114.9 | T9: 111.3 | U9: 110.2 | V9: =SUM(T9:U9) -> 221.5 | W9: 111.1 | X9: 0 | Y9: 107.5 | Z9: 108.7 | AA9: =SUM(X9:Z9) -> 216.2 | AB9: 109.9 | AC9: 107.8 | AD9: =SUM(AB9:AC9) -> 217.7 | AE9: 108.7 | AF9: 106.8 | AG9: 105 | AH9: 107.5 | AI9: 110.7 | AJ9: =SUM(AE9:AI9) -> 538.7 | AK9: 112.1
A10: Rural | B10: 2013 | C10: September | D10: =_xlfn.CONCAT(C10, " ",B10) -> September 2013 | E10: =DATEVALUE("1 "&D10) -> 41518 | F10: 115.4 | G10: 115.7 | H10: 111.7 | I10: 111 | J10: 107.4 | K10: 110.9 | L10: 154 | M10: 108.1 | N10: 104.2 | O10: 107.9 | P10: 110.4 | Q10: 114 | R10: =SUM(F10:Q10) -> 1370.7 | S10: 117.8 | T10: 112.7 | U10: 111.4 | V10: =SUM(T10:U10) -> 224.1 | W10: 112.5 | X10: 0 | Y10: 108.3 | Z10: 109.8 | AA10: =SUM(X10:Z10) -> 218.1 | AB10: 111.1 | AC10: 109.3 | AD10: =SUM(AB10:AC10) -> 220.4 | AE10: 109.6 | AF10: 107.7 | AG10: 106.7 | AH10: 108.7 | AI10: 111.7 | AJ10: =SUM(AE10:AI10) -> 544.4 | AK10: 114.2
A11: Rural | B11: 2013 | C11: October | D11: =_xlfn.CONCAT(C11, " ",B11) -> October 2013 | E11: =DATEVALUE("1 "&D11) -> 41548 | F11: 116.3 | G11: 115.4 | H11: 112.6 | I11: 111.7 | J11: 107.7 | K11: 113.2 | L11: 164.9 | M11: 108.3 | N11: 103.9 | O11: 108.2 | P11: 111.1 | Q11: 114.9 | R11: =SUM(F11:Q11) -> 1388.2 | S11: 119.8 | T11: 113.6 | U11: 112.3 | V11: =SUM(T11:U11) -> 225.9 | W11: 113.4 | X11: 0 | Y11: 108.9 | Z11: 110.2 | AA11: =SUM(X11:Z11) -> 219.1 | AB11: 111.6 | AC11: 109.3 | AD11: =SUM(AB11:AC11) -> 220.9 | AE11: 110.4 | AF11: 108.3 | AG11: 107.5 | AH11: 109.1 | AI11: 112.2 | AJ11: =SUM(AE11:AI11) -> 547.5 | AK11: 115.5
A12: Rural | B12: 2013 | C12: November | D12: =_xlfn.CONCAT(C12, " ",B12) -> November 2013 | E12: =DATEVALUE("1 "&D12) -> 41579 | F12: 117.3 | G12: 114.9 | H12: 116.2 | I12: 112.8 | J12: 108.9 | K12: 116.6 | L12: 178.1 | M12: 109.1 | N12: 103.6 | O12: 109 | P12: 111.8 | Q12: 116 | R12: =SUM(F12:Q12) -> 1414.3 | S12: 122.5 | T12: 114.6 | U12: 113.1 | V12: =SUM(T12:U12) -> 227.7 | W12: 114.4 | X12: 0 | Y12: 109.7 | Z12: 111 | AA12: =SUM(X12:Z12) -> 220.7 | AB12: 112.6 | AC12: 109.6 | AD12: =SUM(AB12:AC12) -> 222.2 | AE12: 111.3 | AF12: 108.7 | AG12: 108.2 | AH12: 109.8 | AI12: 112.8 | AJ12: =SUM(AE12:AI12) -> 550.8 | AK12: 117.4
A13: Rural | B13: 2013 | C13: December | D13: =_xlfn.CONCAT(C13, " ",B13) -> December 2013 | E13: =DATEVALUE("1 "&D13) -> 41609 | F13: 118.4 | G13: 115.9 | H13: 120.4 | I13: 113.8 | J13: 109.5 | K13: 115.5 | L13: 145.7 | M13: 109.5 | N13: 102.9 | O13: 109.8 | P13: 112.1 | Q13: 116.8 | R13: =SUM(F13:Q13) -> 1390.3 | S13: 118.7 | T13: 115.8 | U13: 114 | V13: =SUM(T13:U13) -> 229.8 | W13: 115.5 | X13: 0 | Y13: 110.1 | Z13: 111.6 | AA13: =SUM(X13:Z13) -> 221.7 | AB13: 112.8 | AC13: 109.9 | AD13: =SUM(AB13:AC13) -> 222.7 | AE13: 112.1 | AF13: 109.2 | AG13: 108.1 | AH13: 110.1 | AI13: 113.6 | AJ13: =SUM(AE13:AI13) -> 553.1 | AK13: 115.5
... A373: Urban | B373: 2023 | C373: May | D373: =_xlfn.CONCAT(C373, " ",B373) -> May 2023 | E373: =DATEVALUE("1 "&D373) -> 45047 | F373: 174.7 | G373: 219.4 | H373: 176.7 | I373: 179.4 | J373: 164.4 | K373: 175.8 | L373: 185 | M373: 176.9 | N373: 124.2 | O373: 211.9 | P373: 165.9 | Q373: 197.7 | R373: =SUM(F373:Q373) -> 2152 | S373: 183.1 | T373: 181.3 | U373: 168.1 | V373: =SUM(T373:U373) -> 349.4 | W373: 179.3 | X373: 175.6 | Y373: 182.2 | Z373: 174.8 | AA373: =SUM(X373:Z373) -> 532.6 | AB373: 183.4 | AC373: 160.4 | AD373: =SUM(AB373:AC373) -> 343.8 | AE373: 170.1 | AF373: 169.2 | AG373: 185.6 | AH373: 171.6 | AI373: 204.2 | AJ373: =SUM(AE373:AI373) -> 900.7 | AK373: 178.2

Sheet BUCKET
A1: SECTOR | B1: YEAR | C1: MONTH | D1: FOOD AND BEVERAGES | E1: CLOTHING AND FOOTWEAR | F1: ESSENTIAL | G1: ENERGY | H1: LUXURY | I1: GENERAL INDEX
A2: Rural | B2: 2013 | C2: January | D2: =BUCKETING!R2 -> 1266.2 | E2: =BUCKETING!V2 -> 212.3 | F2: =BUCKETING!AA2 -> 207.8 | G2: =BUCKETING!AD2 -> 208.8 | H2: =BUCKETING!AJ2 -> 522 | I2: =BUCKETING!AK2 -> 105.1
A3: Rural | B3: 2013 | C3: February | D3: =BUCKETING!R3 -> 1274.1 | E3: =BUCKETING!V3 -> 213.4 | F3: =BUCKETING!AA3 -> 208.5 | G3: =BUCKETING!AD3 -> 210.1 | H3: =BUCKETING!AJ3 -> 523.8 | I3: =BUCKETING!AK3 -> 105.8
A4: Rural | B4: 2013 | C4: March | D4: =BUCKETING!R4 -> 1275.6 | E4: =BUCKETING!V4 -> 214.4 | F4: =BUCKETING!AA4 -> 209 | G4: =BUCKETING!AD4 -> 210.7 | H4: =BUCKETING!AJ4 -> 525 | I4: =BUCKETING!AK4 -> 106
A5: Rural | B5: 2013 | C5: April | D5: =BUCKETING!R5 -> 1278.7 | E5: =BUCKETING!V5 -> 215.5 | F5: =BUCKETING!AA5 -> 209.9 | G5: =BUCKETING!AD5 -> 210.9 | H5: =BUCKETING!AJ5 -> 525 | I5: =BUCKETING!AK5 -> 106.4
A6: Rural | B6: 2013 | C6: May | D6: =BUCKETING!R6 -> 1285.9 | E6: =BUCKETING!V6 -> 216.7 | F6: =BUCKETING!AA6 -> 211.2 | G6: =BUCKETING!AD6 -> 211.6 | H6: =BUCKETING!AJ6 -> 526.8 | I6: =BUCKETING!AK6 -> 107.2
A7: Rural | B7: 2013 | C7: June | D7: =BUCKETING!R7 -> 1309.4 | E7: =BUCKETING!V7 -> 218.5 | F7: =BUCKETING!AA7 -> 212.8 | G7: =BUCKETING!AD7 -> 213.5 | H7: =BUCKETING!AJ7 -> 530.1 | I7: =BUCKETING!AK7 -> 108.9
A8: Rural | B8: 2013 | C8: July | D8: =BUCKETING!R8 -> 1332.8 | E8: =BUCKETING!V8 -> 220 | F8: =BUCKETING!AA8 -> 214.7 | G8: =BUCKETING!AD8 -> 216.3 | H8: =BUCKETING!AJ8 -> 533.5 | I8: =BUCKETING!AK8 -> 110.7
A9: Rural | B9: 2013 | C9: August | D9: =BUCKETING!R9 -> 1347.6 | E9: =BUCKETING!V9 -> 221.5 | F9: =BUCKETING!AA9 -> 216.2 | G9: =BUCKETING!AD9 -> 217.7 | H9: =BUCKETING!AJ9 -> 538.7 | I9: =BUCKETING!AK9 -> 112.1
A10: Rural | B10: 2013 | C10: September | D10: =BUCKETING!R10 -> 1370.7 | E10: =BUCKETING!V10 -> 224.1 | F10: =BUCKETING!AA10 -> 218.1 | G10: =BUCKETING!AD10 -> 220.4 | H10: =BUCKETING!AJ10 -> 544.4 | I10: =BUCKETING!AK10 -> 114.2
A11: Rural | B11: 2013 | C11: October | D11: =BUCKETING!R11 -> 1388.2 | E11: =BUCKETING!V11 -> 225.9 | F11: =BUCKETING!AA11 -> 219.1 | G11: =BUCKETING!AD11 -> 220.9 | H11: =BUCKETING!AJ11 -> 547.5 | I11: =BUCKETING!AK11 -> 115.5
A12: Rural | B12: 2013 | C12: November | D12: =BUCKETING!R12 -> 1414.3 | E12: =BUCKETING!V12 -> 227.7 | F12: =BUCKETING!AA12 -> 220.7 | G12: =BUCKETING!AD12 -> 222.2 | H12: =BUCKETING!AJ12 -> 550.8 | I12: =BUCKETING!AK12 -> 117.4
A13: Rural | B13: 2013 | C13: December | D13: =BUCKETING!R13 -> 1390.3 | E13: =BUCKETING!V13 -> 229.8 | F13: =BUCKETING!AA13 -> 221.7 | G13: =BUCKETING!AD13 -> 222.7 | H13: =BUCKETING!AJ13 -> 553.1 | I13: =BUCKETING!AK13 -> 115.5
... A373: Urban | B373: 2023 | C373: May | D373: =BUCKETING!R373 -> 2152 | E373: =BUCKETING!V373 -> 349.4 | F373: =BUCKETING!AA373 -> 532.6 | G373: =BUCKETING!AD373 -> 343.8 | H373: =BUCKETING!AJ373 -> 900.7 | I373: =BUCKETING!AK373 -> 178.2

Sheet Q1
A1: 1. Based on the latest month's data, identify the contribution of different broader categories (food, energy, transportation, education, etc.) towards the CPI basket. Broader categories (buckets) can be created by combining similar categories into one bucket; Ex.: Meals, Beverages, Cereals, can be clubbed to create "Food" category, etc.
A5: • Which broader category has the highest contribution towards towards CPI Calculation
A6: • Contribution is calculated by evaluating the underlying index values for broader category and should add to 100% when contribution from different broader categories are added. | Q6: BUCKET
Q8: FOOD AND BEVERAGES | R8: CLOTHING AND FOOTWEAR | S8: ESSENTIAL | T8: ENERGY | U8: LUXURY
A9: SECTOR | B9: YEAR | C9: MONTH | D9: FOOD AND BEVERAGES | E9: CLOTHING AND FOOTWEAR | F9: ESSENTIAL | G9: ENERGY | H9: LUXURY | I9: TOTAL
A10: Rural | B10: 2023 | C10: May | D10: 2113.9 | E10: 379.1 | F10: 368.1 | G10: 352.2 | H10: 917.9 | I10: =SUM(D10:H10) -> 4131.2 | Q10: Cereals and products | R10: Clothing | S10: Housing | T10: Fuel and light | U10: Household goods and services
A11: Rural+Urban | B11: 2023 | C11: May | D11: 2127.8 | E11: 367 | F11: 538.4 | G11: 347.6 | H11: 908.3 | I11: =SUM(D11:H11) -> 4289.1 | Q11: Meat and fish | R11: Footwear | S11: Health | T11: Transport and communication | U11: Recreation and amusement
A12: Urban | B12: 2023 | C12: May | D12: 2152 | E12: 349.4 | F12: 532.6 | G12: 343.8 | H12: 900.7 | I12: =SUM(D12:H12) -> 4278.5 | Q12: Egg | S12: Education | U12: Personal care and effects
Q13: Milk and products | U13: Miscellaneous
A14: SECTOR | B14: YEAR | C14: MONTH | D14: FOOD AND BEVERAGES | E14: CLOTHING AND FOOTWEAR | F14: ESSENTIAL | G14: ENERGY | H14: LUXURY | I14: TOTAL | Q14: Oils and fats | U14: Pan, tobacco and intoxicants
A15: Rural | B15: 2023 | C15: May | D15: =D10/$I$10 -> 0.51169152 | E15: =E10/$I$10 -> 0.091765105 | F15: =F10/$I$10 -> 0.08910244 | G15: =G10/$I$10 -> 0.085253679 | H15: =H10/$I$10 -> 0.22218726 | I15: =I10/$I$10 -> 1 | Q15: Fruits
A16: Rural+Urban | B16: 2023 | C16: May | D16: =D11/$I$11 -> 0.49609475 | E16: =E11/$I$11 -> 0.085565736 | F16: =F11/$I$11 -> 0.1255275 | G16: =G11/$I$11 -> 0.081042643 | H16: =H11/$I$11 -> 0.21176937 | I16: =I11/$I$11 -> 1 | Q16: Vegetables
A17: Urban | B17: 2023 | C17: May | D17: =D12/$I$12 -> 0.50298002 | E17: =E12/$I$12 -> 0.081664135 | F17: =F12/$I$12 -> 0.12448288 | G17: =G12/$I$12 -> 0.080355265 | H17: =H12/$I$12 -> 0.2105177 | I17: =I12/$I$12 -> 1 | Q17: Pulses and products
Q18: Sugar and Confectionery
Q19: Spices
Q20: Nonalcoholic beverages
Q21: Prepared meals, snacks, sweets etc.
A32: Findings : | B32: Food and Beverages has the highest contribution of 49.6% for Rural + Urban Sector towards CPI Calculations.

Sheet Q2
A1: 2. A trend of Y-o-Y increase in CPI (rural + urban) inflation starting 2017 for the entire basket of products combined.
A2: • Create a graph depicting the growth rate Y-o-Y and identify the year with highest inflation rate
A3: • Highlight the reason why the year has the highest inflation (based on research).
A5: YEAR | B5: CPI | C5: INFLATION | J5: Sector | K5: Rural+Urban | S5: Sector | T5: Rural+Urban | V5: Difference
A6: 2017 | B6: 131.16667 | J6: Year | K6: 2017 | L6: 2018 | M6: 2019 | N6: 2020 | O6: 2021 | P6: 2022 | Q6: 2023 | S6: Year | T6: 2020 | U6: 2021
A7: 2018 | B7: 136.47083 | C7: =(B7-B6)/B6 -> 0.040438374 | J7: Month | K7: May | L7: May | M7: May | N7: May | O7: May | P7: May | Q7: May | S7: Month | T7: May | U7: May
A8: 2019 | B8: 140.50833 | C8: =(B8-B7)/B7 -> 0.029585076 | J8: Cereals and products | K8: 132.9 | L8: 136.6 | M8: 138.3 | N8: 146.9 | O8: 146.3 | P8: 154.1 | Q8: 173.7 | S8: Cereals and products | T8: 146.9 | U8: 146.3 | V8: =(U8-T8)/T8 -> -0.0040844112
A9: 2020 | B9: 148.07188 | C9: =(B9-B8)/B8 -> 0.053829844 | J9: Meat and fish | K9: 141.6 | L9: 146.6 | M9: 158.5 | N9: 167.125 | O9: 200.5 | P9: 217 | Q9: 214.3 | S9: Meat and fish | T9: 167.125 | U9: 200.5 | V9: =(U9-T9)/T9 -> 0.19970082
A10: 2021 | B10: 161.4 | C10: =(B10-B9)/B9 -> 0.090011185 | J10: Egg | K10: 126.3 | L10: 133.6 | M10: 136 | N10: 148.45 | O10: 170.3 | P10: 162.4 | Q10: 173.2 | S10: Egg | T10: 148.45 | U10: 170.3 | V10: =(U10-T10)/T10 -> 0.14718761
A11: 2022 | B11: 171.57083 | C11: =(B11-B10)/B10 -> 0.063016316 | J11: Milk and products | K11: 137.7 | L11: 142.1 | M11: 142.5 | N11: 153.55 | O11: 156.1 | P11: 164.9 | Q11: 179.5 | S11: Milk and products | T11: 153.55 | U11: 156.1 | V11: =(U11-T11)/T11 -> 0.016606968
A12: 2023 | B12: 178.7125 | C12: =(B12-B11)/B11 -> 0.041625179 | J12: Oils and fats | K12: 118.1 | L12: 121 | M12: 122 | N12: 133.15 | O12: 178.7 | P12: 202.4 | Q12: 170 | S12: Oils and fats | T12: 133.15 | U12: 178.7 | V12: =(U12-T12)/T12 -> 0.34209538
J13: Fruits | K13: 137.9 | L13: 154.6 | M13: 146.5 | N13: 146.2 | O13: 167.1 | P13: 171 | Q13: 172.2 | S13: Fruits | T13: 146.2 | U13: 167.1 | V13: =(U13-T13)/T13 -> 0.14295486
J14: Vegetables | K14: 125.6 | L14: 135.6 | M14: 143 | N14: 162.95 | O14: 147.9 | P14: 174.9 | Q14: 161 | S14: Vegetables | T14: 162.95 | U14: 147.9 | V14: =(U14-T14)/T14 -> -0.09235962
J15: Pulses and products | K15: 138.3 | L15: 122.3 | M15: 124.9 | N15: 145.75 | O15: 165.4 | P15: 164.7 | Q15: 175.6 | S15: Pulses and products | T15: 145.75 | U15: 165.4 | V15: =(U15-T15)/T15 -> 0.1348199
J16: Sugar and Confectionery | K16: 119.4 | L16: 109.6 | M16: 109.9 | N16: 116.75 | O16: 114.8 | P16: 119.7 | Q16: 122.7 | S16: Sugar and Confectionery | T16: 116.75 | U16: 114.8 | V16: =(U16-T16)/T16 -> -0.016702355
J17: Spices | K17: 136 | L17: 138.1 | M17: 139.9 | N17: 155.15 | O17: 168.2 | P17: 184.9 | Q17: 218 | S17: Spices | T17: 155.15 | U17: 168.2 | V17: =(U17-T17)/T17 -> 0.08411215
J18: Nonalcoholic beverages | K18: 127.6 | L18: 129.9 | M18: 134 | N18: 136.75 | O18: 159.3 | P18: 167.1 | Q18: 173.4 | S18: Nonalcoholic beverages | T18: 136.75 | U18: 159.3 | V18: =(U18-T18)/T18 -> 0.16489945
J19: Prepared meals, snacks, sweets etc. | K19: 144.5 | L19: 151.7 | M19: 155.5 | N19: 159.475 | O19: 170.4 | P19: 182.5 | Q19: 194.2 | S19: Prepared meals, snacks, sweets etc. | T19: 159.475 | U19: 170.4 | V19: =(U19-T19)/T19 -> 0.068506035
J20: Clothing | K20: 138.2 | L20: 146 | M20: 148.4 | N20: 151.1 | O20: 161.8 | P20: 175.6 | Q20: 187.3 | S20: Clothing | T20: 151.1 | U20: 161.8 | V20: =(U20-T20)/T20 -> 0.07081403
J21: Footwear | K21: 131.4 | L21: 137.4 | M21: 140.4 | N21: 141.85 | O21: 152.1 | P21: 168.4 | Q21: 179.7 | S21: Footwear | T21: 141.85 | U21: 152.1 | V21: =(U21-T21)/T21 -> 0.072259429
J22: Housing | K22: 132.1 | L22: 143.2 | M22: 150.1 | N22: 155.05 | O22: 161.6 | P22: 167.5 | Q22: 175.6 | S22: Housing | T22: 155.05 | U22: 161.6 | V22: =(U22-T22)/T22 -> 0.042244437
J23: Health | K23: 128.4 | L23: 136 | M23: 146.9 | N23: 151.5 | O23: 165.8 | P23: 174.8 | Q23: 185.7 | S23: Health | T23: 151.5 | U23: 165.8 | V23: =(U23-T23)/T23 -> 0.094389439
J24: Education | K24: 134.8 | L24: 142.1 | M24: 151.6 | N24: 156.125 | O24: 161.2 | P24: 167.9 | Q24: 177.1 | S24: Education | T24: 156.125 | U24: 161.2 | V24: =(U24-T24)/T24 -> 0.032506005
A25: Findings : | B25: The year 2021 has the highest inflation of 9% | J25: Fuel and light | K25: 129.4 | L25: 136.9 | M25: 140.3 | N25: 146.5 | O25: 159.4 | P25: 174.6 | Q25: 182.8 | S25: Fuel and light | T25: 146.5 | U25: 159.4 | V25: =(U25-T25)/T25 -> 0.088054608
A26: Insights : | B26: Sudden growth of 34.2% in Oils & Fats category is the main reason for the highest Inflation | J26: Transport and communication | K26: 116.7 | L26: 122.9 | M26: 124.9 | N26: 130 | O26: 148.9 | P26: 163 | Q26: 164.8 | S26: Transport and communication | T26: 130 | U26: 148.9 | V26: =(U26-T26)/T26 -> 0.14538462
J27: Household goods and services | K27: 130.9 | L27: 137.4 | M27: 143.7 | N27: 146.4 | O27: 154.7 | P27: 165.2 | Q27: 175.2 | S27: Household goods and services | T27: 146.4 | U27: 154.7 | V27: =(U27-T27)/T27 -> 0.056693989
J28: Recreation and amusement | K28: 125.7 | L28: 131.8 | M28: 139.2 | N28: 143.575 | O28: 155.8 | P28: 165.1 | Q28: 171.2 | S28: Recreation and amusement | T28: 143.575 | U28: 155.8 | V28: =(U28-T28)/T28 -> 0.085147136
A29: Reason : | B29: As we know the year 2020 is majorly affected by COVID also affects the Oils & Fats category as the demand is heigher than the supply | J29: Personal care and effects | K29: 123 | L29: 129.9 | M29: 133.4 | N29: 144.75 | O29: 158.6 | P29: 168.4 | Q29: 185.2 | S29: Personal care and effects | T29: 144.75 | U29: 158.6 | V29: =(U29-T29)/T29 -> 0.095682211
J30: Miscellaneous | K30: 125.3 | L30: 132.1 | M30: 138.2 | N30: 143.75 | O30: 156.8 | P30: 167.5 | Q30: 175.7 | S30: Miscellaneous | T30: 143.75 | U30: 156.8 | V30: =(U30-T30)/T30 -> 0.090782609
J31: Pan, tobacco and intoxicants | K31: 146.2 | L31: 157.9 | M31: 164.1 | N31: 170.925 | O31: 191.9 | P31: 194.1 | Q31: 201 | S31: Pan, tobacco and intoxicants | T31: 170.925 | U31: 191.9 | V31: =(U31-T31)/T31 -> 0.12271464
J32: CPI | K32: =AVERAGE(K8:K31) -> 131.16667 | L32: =AVERAGE(L8:L31) -> 136.47083 | M32: =AVERAGE(M8:M31) -> 140.50833 | N32: =AVERAGE(N8:N31) -> 148.07188 | O32: =AVERAGE(O8:O31) -> 161.4 | P32: =AVERAGE(P8:P31) -> 171.57083 | Q32: =AVERAGE(Q8:Q31) -> 178.7125 | S32: CPI | T32: 148.07188 | U32: 161.4 | V32: =(U32-T32)/T32 -> 0.090011185
J33: INFLATION | L33: =(L32-K32)/K32 -> 0.040438374 | M33: =(M32-L32)/L32 -> 0.029585076 | N33: =(N32-M32)/M32 -> 0.053829844 | O33: =(O32-N32)/N32 -> 0.090011185 | P33: =(P32-O32)/O32 -> 0.063016316 | Q33: =(Q32-P32)/P32 -> 0.041625179 | S33: INFLATION | T33: 0.053829844 | U33: 0.090011185

Sheet Q3 - I
A1: 3. With India's retail inflation reaching a 3-month high of 5.55% in November 2023, largely due to a sharp rise in food prices. Analyze the following for 12 months ending May'23
A3: • Investigate trends in the prices of broader food bucket category and evaluate month-on-month changes. Highlight month with highest and lowest food inflation
A5: SECTOR | B5: MONTH | C5: FOOD AND BEVERAGES | D5: INFLATION
A6: Rural+Urban | B6: May 2022 | C6: 2065.6
A7: Rural+Urban | B7: June 2022 | C7: 2087 | D7: =(C7-C6)/C6 -> 0.010360186
A8: Rural+Urban | B8: July 2022 | C8: 2091.3 | D8: =(C8-C7)/C7 -> 0.0020603737
A9: Rural+Urban | B9: August 2022 | C9: 2092.9 | D9: =(C9-C8)/C8 -> 0.00076507436
A10: Rural+Urban | B10: September 2022 | C10: 2103.1 | D10: =(C10-C9)/C9 -> 0.0048736203
A11: Rural+Urban | B11: October 2022 | C11: 2117.7 | D11: =(C11-C10)/C10 -> 0.006942133
A12: Rural+Urban | B12: November 2022 | C12: 2118.5 | D12: =(C12-C11)/C11 -> 0.00037776833
A13: Rural+Urban | B13: December 2022 | C13: 2107.5 | D13: =(C13-C12)/C12 -> -0.0051923531
A14: Rural+Urban | B14: January 2023 | C14: 2116 | D14: =(C14-C13)/C13 -> 0.0040332147
A15: Rural+Urban | B15: February 2023 | C15: 2102.1 | D15: =(C15-C14)/C14 -> -0.0065689981
A16: Rural+Urban | B16: March 2023 | C16: 2102.2 | D16: =(C16-C15)/C15 -> 4.7571476e-05
A17: Rural+Urban | B17: April 2023 | C17: 2111.7 | D17: =(C17-C16)/C16 -> 0.0045190753
A18: Rural+Urban | B18: May 2023 | C18: 2127.8 | D18: =(C18-C17)/C17 -> 0.007624189
A20: Findings : | B20: As per the investigation, May 2023 has the highest Inflation of approx 0.76% & February 2023 has the Lowest Inflation of approx -0.66%.

Sheet Q3 - II
A1: 3. With India's retail inflation reaching a 3-month high of 5.55% in November 2023, largely due to a sharp rise in food prices. Analyze the following for 12 months ending May'23.
A3: • Identify the absolute changes in inflation over the same 12 months period and identify the biggest individual category contributor (only within broader food category) towards inflation
A5: Sector | B5: Rural+Urban
B6: Start | C6: End
A7: Specific Month | B7: June 2022 | C7: May 2023 | D7: Inflation
A8: Cereals and products | B8: 155 | C8: 173.7 | D8: =(C8-B8)/B8 -> 0.12064516
A9: Meat and fish | B9: 219.4 | C9: 214.3 | D9: =(C9-B9)/B9 -> -0.023245214
A10: Egg | B10: 170.8 | C10: 173.2 | D10: =(C10-B10)/B10 -> 0.014051522
A11: Milk and products | B11: 165.8 | C11: 179.5 | D11: =(C11-B11)/B11 -> 0.082629674
A12: Oils and fats | B12: 200.9 | C12: 170 | D12: =(C12-B12)/B12 -> -0.15380786
A13: Fruits | B13: 169.7 | C13: 172.2 | D13: =(C13-B13)/B13 -> 0.01473188
A14: Vegetables | B14: 182.3 | C14: 161 | D14: =(C14-B14)/B14 -> -0.11684037
A15: Pulses and products | B15: 164.3 | C15: 175.6 | D15: =(C15-B15)/B15 -> 0.068776628
A16: Sugar and Confectionery | B16: 119.9 | C16: 122.7 | D16: =(C16-B16)/B16 -> 0.023352794
A17: Spices | B17: 187.1 | C17: 218 | D17: =(C17-B17)/B17 -> 0.16515232
A18: Nonalcoholic beverages | B18: 167.9 | C18: 173.4 | D18: =(C18-B18)/B18 -> 0.032757594
A19: Prepared meals, snacks, sweets etc. | B19: 183.9 | C19: 194.2 | D19: =(C19-B19)/B19 -> 0.0560087
A20: FOOD AND BEVERAGES | B20: 2087 | C20: 2127.8 | D20: =(C20-B20)/B20 -> 0.019549593
A22: Findings : As per the analysis the Absolute Change in Inflation over the year is 1.95%. And Spices category is the biggest contributor for this Inflation with indivisually 16.25% of Inflation over this 12 month period.

Sheet Q4
A1: 4. Investigate how the onset and progression of the COVID-19 pandemic affected inflation rates in India. Analyze the Impact of key pandemic milestone (first lockdown) on the CPI inflation %, specially focus on categories like healthcare, food, and essential services.
A5: Month | B5: March
A7: Sum of Index Value | B7: Column Labels
A8: Years | B8: Essentials | C8: Food And Bevereges | D8: Health
A9: 2017 | B9: 664 | C9: 4754 | D9: 381.5
A10: 2018 | B10: 704.3 | C10: 4842.9 | D10: 401.5
A11: 2019 | B11: 750.5 | C11: 4877.5 | D11: 435.8
A12: 2020 | B12: 778.8 | C12: 5241.3 | D12: 454
A14: Pre-COVID
A15: Years | B15: Essentials | C15: Food And Bevereges | D15: Health | F15: Years | G15: Essentials | H15: Food And Bevereges | I15: Health
A16: 2017 | B16: 664 | C16: 4754 | D16: 381.5 | F16: 2017 | G16: - | H16: - | I16: -
A17: 2018 | B17: 704.3 | C17: 4842.9 | D17: 401.5 | F17: 2018 | G17: =(B17-B16)/B16 -> 0.060692771 | H17: =(C17-C16)/C16 -> 0.018700042 | I17: =(D17-D16)/D16 -> 0.05242464
A18: 2019 | B18: 750.5 | C18: 4877.5 | D18: 435.8 | F18: 2019 | G18: =(B18-B17)/B17 -> 0.065597047 | H18: =(C18-C17)/C17 -> 0.0071444795 | I18: =(D18-D17)/D17 -> 0.085429639
A19: 2020 | B19: 778.8 | C19: 5241.3 | D19: 454 | F19: 2020 | G19: =(B19-B18)/B18 -> 0.037708195 | H19: =(C19-C18)/C18 -> 0.074587391 | I19: =(D19-D18)/D18 -> 0.041762276
F20: Pre-COVID Average Inflation | G20: =AVERAGE(G17:G19) -> 0.054666004 | H20: =AVERAGE(H17:H19) -> 0.033477304 | I20: =AVERAGE(I17:I19) -> 0.059872185
A21: Post-COVID
A22: Years | B22: Essentials | C22: Food And Bevereges | D22: Health | F22: Years | G22: Essentials | H22: Food And Bevereges | I22: Health
A23: 2020 | B23: 778.8 | C23: 5241.3 | D23: 454 | F23: 2020 | G23: - | H23: - | I23: -
A24: 2021 | B24: 801.4 | C24: 5658 | D24: 483.2 | F24: 2021 | G24: =(B24-B23)/B23 -> 0.029019004 | H24: =(C24-C23)/C23 -> 0.079503177 | I24: =(D24-D23)/D23 -> 0.064317181
A25: 2022 | B25: 829.9 | C25: 6053.1 | D25: 517.2 | F25: 2022 | G25: =(B25-B24)/B24 -> 0.035562765 | H25: =(C25-C24)/C24 -> 0.069830329 | I25: =(D25-D24)/D24 -> 0.070364238
A26: 2023 | B26: 873 | C26: 6315.8 | D26: 551.8 | F26: 2023 | G26: =(B26-B25)/B25 -> 0.051933968 | H26: =(C26-C25)/C25 -> 0.04339925 | I26: =(D26-D25)/D25 -> 0.066898685
F27: Post-COVID Average Inflation | G27: =AVERAGE(G24:G26) -> 0.038838579 | H27: =AVERAGE(H24:H26) -> 0.064244252 | I27: =AVERAGE(I24:I26) -> 0.067193368
A29: Findings : | B29: As per the investigation, clearly COVID-19 Pandemic affects the Inflation Rates in INDIA.
B30: The most affected category is the Food and Beverages category with 90% jump in the Inflation rates.
B31: But Health category also affected by the pandemic as it shows almost 10% change in Inflation Rates.

Sheet Q5
A1: 5. Investigate how major global economic events (like imported crude oil price fluctuations) have influenced India's inflation. This can include an analysis of imported goods and their price trends.
A2: • For the purpose of this analysis, focus only on the imported oil price fluctuations for years 2021 to 2023 (Month-on-month
A3: • Identify trends in oil price change with change in inflation prices of all the categories and identify category whose inflation prices strongly changes with fluctuations in imported oil price (Hint: you can use =correl function)
A6: Year | B6: (Multiple Items)
A7: Sector | B7: Rural+Urban
A9: Sum of Index Value | B9: Column Labels
B10: 2021 | I10: 2022 | U10: 2023
A11: Row Labels | B11: Jun | C11: Jul | D11: Aug | E11: Sep | F11: Oct | G11: Nov | H11: Dec | I11: Jan | J11: Feb | K11: Mar | L11: Apr | M11: May | N11: Jun | O11: Jul | P11: Aug | Q11: Sep | R11: Oct | S11: Nov | T11: Dec | U11: Jan | V11: Feb | W11: Mar | X11: Apr | Y11: May
A12: Cereals and products | B12: 146.7 | C12: 146.4 | D12: 146.6 | E12: 146.6 | F12: 147.4 | G12: 148.2 | H12: 148.7 | I12: 149.5 | J12: 150 | K12: 151.3 | L12: 152.9 | M12: 154.1 | N12: 155 | O12: 156.5 | P12: 160.3 | Q12: 163.5 | R12: 165.2 | S12: 167.4 | T12: 169.2 | U12: 173.8 | V12: 174.4 | W12: 174.4 | X12: 173.8 | Y12: 173.7
A13: Clothing | B13: 162.2 | C13: 162.8 | D13: 164.5 | E13: 164.6 | F13: 165.7 | G13: 167.2 | H13: 168.5 | I13: 169.9 | J13: 170.8 | K13: 172.1 | L13: 173.9 | M13: 175.6 | N13: 177.1 | O13: 178.3 | P13: 179.5 | Q13: 180.9 | R13: 181.9 | S13: 183.1 | T13: 184 | U13: 184.9 | V13: 186.2 | W13: 186.1 | X13: 186.9 | Y13: 187.3
A14: Education | B14: 161.7 | C14: 163.2 | D14: 163.8 | E14: 163.7 | F14: 163.9 | G14: 164.3 | H14: 164.4 | I14: 164.7 | J14: 165.4 | K14: 166 | L14: 166.9 | M14: 167.9 | N14: 169 | O14: 171.4 | P14: 172.3 | Q14: 173.1 | R14: 173.4 | S14: 173.7 | T14: 174.1 | U14: 174.3 | V14: 175 | W14: 175 | X14: 176.4 | Y14: 177.1
A15: Egg | B15: 180.7 | C15: 182.2 | D15: 172.8 | E15: 172.8 | F15: 171.2 | G15: 173 | H15: 177.9 | I15: 178.8 | J15: 175.8 | K15: 167.8 | L15: 164.5 | M15: 162.4 | N15: 170.8 | O15: 175.2 | P15: 169.2 | Q15: 169.7 | R15: 170.9 | S15: 181.4 | T15: 190.2 | U15: 194.5 | V15: 175.2 | W15: 175.2 | X15: 169.6 | Y15: 173.2
A16: Footwear | B16: 151.8 | C16: 153.1 | D16: 155.3 | E16: 155.3 | F16: 156.3 | G16: 157.4 | H16: 158.7 | I16: 160.7 | J16: 162.4 | K16: 164.6 | L16: 166.5 | M16: 168.4 | N16: 169.9 | O16: 171.3 | P16: 172.7 | Q16: 174.3 | R16: 175.3 | S16: 176.2 | T16: 177 | U16: 177.6 | V16: 178.7 | W16: 178.7 | X16: 179.2 | Y16: 179.7
A17: Fruits | B17: 164.6 | C17: 163.9 | D17: 156.8 | E17: 156.7 | F17: 155.7 | G17: 156.5 | H17: 154.9 | I17: 153.7 | J17: 153.7 | K17: 157.6 | L17: 172.6 | M17: 171 | N17: 169.7 | O17: 174.2 | P17: 172.9 | Q17: 165.7 | R17: 163.8 | S17: 160.7 | T17: 158 | U17: 158.3 | V17: 169.5 | W17: 169.5 | X17: 176.3 | Y17: 172.2
A18: Fuel and light | B18: 159.8 | C18: 160.7 | D18: 162.6 | E18: 162.6 | F18: 164.2 | G18: 163.9 | H18: 164.1 | I18: 164.2 | J18: 165.7 | K18: 167.2 | L18: 172.2 | M18: 174.6 | N18: 176 | O18: 179.6 | P18: 178.8 | Q18: 179.5 | R18: 180.5 | S18: 181.3 | T18: 182 | U18: 182 | V18: 182.1 | W18: 181.9 | X18: 181.7 | Y18: 182.8
A19: General index | B19: 161.3 | C19: 162.5 | D19: 163.2 | E19: 163.2 | F19: 165.5 | G19: 166.7 | H19: 166.2 | I19: 165.7 | J19: 166.1 | K19: 167.7 | L19: 170.1 | M19: 171.7 | N19: 172.6 | O19: 173.4 | P19: 174.3 | Q19: 175.3 | R19: 176.7 | S19: 176.5 | T19: 175.7 | U19: 176.5 | V19: 177.2 | W19: 177.2 | X19: 178.1 | Y19: 179.1
A20: Health | B20: 166.3 | C20: 167 | D20: 168.4 | E20: 168.4 | F20: 169.1 | G20: 169.9 | H20: 170.6 | I20: 171.4 | J20: 172.2 | K20: 173 | L20: 174 | M20: 174.8 | N20: 175.4 | O20: 176.1 | P20: 176.8 | Q20: 177.8 | R20: 178.7 | S20: 179.8 | T20: 181.1 | U20: 182.3 | V20: 184.4 | W20: 184.4 | X20: 185 | Y20: 185.7
A21: Household goods and services | B21: 154.8 | C21: 155.8 | D21: 157.5 | E21: 157.5 | F21: 158.4 | G21: 159.3 | H21: 160.2 | I21: 161.1 | J21: 161.8 | K21: 162.8 | L21: 164 | M21: 165.2 | N21: 166.4 | O21: 167.4 | P21: 168.5 | Q21: 169.5 | R21: 170.4 | S21: 171.4 | T21: 172.1 | U21: 172.9 | V21: 174.2 | W21: 174.2 | X21: 174.6 | Y21: 175.2
A22: Housing | B22: 160.5 | C22: 161.5 | D22: 162.1 | E22: 162.1 | F22: 163.6 | G22: 164.2 | H22: 163.4 | I22: 164.5 | J22: 165.5 | K22: 165.3 | L22: 167 | M22: 167.5 | N22: 166.8 | O22: 167.8 | P22: 169 | Q22: 169.5 | R22: 171.2 | S22: 171.8 | T22: 170.7 | U22: 172.1 | V22: 173.5 | W22: 173.5 | X22: 175.2 | Y22: 175.6
A23: Meat and fish | B23: 202 | C23: 206.8 | D23: 204 | E23: 204 | F23: 204.6 | G23: 201.6 | H23: 198.8 | I23: 198.7 | J23: 200.6 | K23: 210.7 | L23: 211.8 | M23: 217 | N23: 219.4 | O23: 213 | P23: 206.5 | Q23: 209.2 | R23: 210.9 | S23: 209.4 | T23: 209 | U23: 210.7 | V23: 207.7 | W23: 207.7 | X23: 209.3 | Y23: 214.3
... A36: Vegetables | B36: 155.4 | C36: 164.2 | D36: 162.2 | E36: 162.3 | F36: 185.3 | G36: 199.2 | H36: 188.3 | I36: 174.3 | J36: 169.7 | K36: 166.9 | L36: 166.2 | M36: 174.9 | N36: 182.3 | O36: 182.1 | P36: 186.7 | Q36: 191.8 | R36: 199.7 | S36: 183.1 | T36: 159.9 | U36: 153.9 | V36: 152.7 | W36: 152.8 | X36: 155.4 | Y36: 161
B39: 2021 | I39: 2022 | U39: 2023
A40: Categories | B40: Jun | C40: Jul | D40: Aug | E40: Sep | F40: Oct | G40: Nov | H40: Dec | I40: Jan | J40: Feb | K40: Mar | L40: Apr | M40: May | N40: Jun | O40: Jul | P40: Aug | Q40: Sep | R40: Oct | S40: Nov | T40: Dec | U40: Jan | V40: Feb | W40: Mar | X40: Apr | Y40: May
A41: Crude Oil | B41: 71.982647 | C41: 73.539061 | D41: 69.804724 | E41: 73.130738 | F41: 82.107394 | G41: 80.637301 | H41: 73.298824 | I41: 84.666319 | J41: 94.067715 | K41: 112.87479 | L41: 102.966 | M41: 109.50504 | N41: 116.01139 | O41: 105.49125 | P41: 97.404465 | Q41: 90.706345 | R41: 91.698949 | S41: 87.552266 | T41: 78.100942 | U41: 80.92227 | V41: 82.278707 | W41: 78.53948 | X41: 83.755358 | Y41: 74.981548
B44: 2021 | I44: 2022 | U44: 2023
A45: Categories | B45: Jun | C45: Jul | D45: Aug | E45: Sep | F45: Oct | G45: Nov | H45: Dec | I45: Jan | J45: Feb | K45: Mar | L45: Apr | M45: May | N45: Jun | O45: Jul | P45: Aug | Q45: Sep | R45: Oct | S45: Nov | T45: Dec | U45: Jan | V45: Feb | W45: Mar | X45: Apr | Y45: May
A46: Cereals and products | B46: 146.7 | C46: 146.4 | D46: 146.6 | E46: 146.6 | F46: 147.4 | G46: 148.2 | H46: 148.7 | I46: 149.5 | J46: 150 | K46: 151.3 | L46: 152.9 | M46: 154.1 | N46: 155 | O46: 156.5 | P46: 160.3 | Q46: 163.5 | R46: 165.2 | S46: 167.4 | T46: 169.2 | U46: 173.8 | V46: 174.4 | W46: 174.4 | X46: 173.8 | Y46: 173.7
A47: Clothing | B47: 162.2 | C47: 162.8 | D47: 164.5 | E47: 164.6 | F47: 165.7 | G47: 167.2 | H47: 168.5 | I47: 169.9 | J47: 170.8 | K47: 172.1 | L47: 173.9 | M47: 175.6 | N47: 177.1 | O47: 178.3 | P47: 179.5 | Q47: 180.9 | R47: 181.9 | S47: 183.1 | T47: 184 | U47: 184.9 | V47: 186.2 | W47: 186.1 | X47: 186.9 | Y47: 187.3
A48: Education | B48: 161.7 | C48: 163.2 | D48: 163.8 | E48: 163.7 | F48: 163.9 | G48: 164.3 | H48: 164.4 | I48: 164.7 | J48: 165.4 | K48: 166 | L48: 166.9 | M48: 167.9 | N48: 169 | O48: 171.4 | P48: 172.3 | Q48: 173.1 | R48: 173.4 | S48: 173.7 | T48: 174.1 | U48: 174.3 | V48: 175 | W48: 175 | X48: 176.4 | Y48: 177.1
A49: Egg | B49: 180.7 | C49: 182.2 | D49: 172.8 | E49: 172.8 | F49: 171.2 | G49: 173 | H49: 177.9 | I49: 178.8 | J49: 175.8 | K49: 167.8 | L49: 164.5 | M49: 162.4 | N49: 170.8 | O49: 175.2 | P49: 169.2 | Q49: 169.7 | R49: 170.9 | S49: 181.4 | T49: 190.2 | U49: 194.5 | V49: 175.2 | W49: 175.2 | X49: 169.6 | Y49: 173.2
A50: Footwear | B50: 151.8 | C50: 153.1 | D50: 155.3 | E50: 155.3 | F50: 156.3 | G50: 157.4 | H50: 158.7 | I50: 160.7 | J50: 162.4 | K50: 164.6 | L50: 166.5 | M50: 168.4 | N50: 169.9 | O50: 171.3 | P50: 172.7 | Q50: 174.3 | R50: 175.3 | S50: 176.2 | T50: 177 | U50: 177.6 | V50: 178.7 | W50: 178.7 | X50: 179.2 | Y50: 179.7
A51: Fruits | B51: 164.6 | C51: 163.9 | D51: 156.8 | E51: 156.7 | F51: 155.7 | G51: 156.5 | H51: 154.9 | I51: 153.7 | J51: 153.7 | K51: 157.6 | L51: 172.6 | M51: 171 | N51: 169.7 | O51: 174.2 | P51: 172.9 | Q51: 165.7 | R51: 163.8 | S51: 160.7 | T51: 158 | U51: 158.3 | V51: 169.5 | W51: 169.5 | X51: 176.3 | Y51: 172.2
A52: Fuel and light | B52: 159.8 | C52: 160.7 | D52: 162.6 | E52: 162.6 | F52: 164.2 | G52: 163.9 | H52: 164.1 | I52: 164.2 | J52: 165.7 | K52: 167.2 | L52: 172.2 | M52: 174.6 | N52: 176 | O52: 179.6 | P52: 178.8 | Q52: 179.5 | R52: 180.5 | S52: 181.3 | T52: 182 | U52: 182 | V52: 182.1 | W52: 181.9 | X52: 181.7 | Y52: 182.8
A53: General index | B53: 161.3 | C53: 162.5 | D53: 163.2 | E53: 163.2 | F53: 165.5 | G53: 166.7 | H53: 166.2 | I53: 165.7 | J53: 166.1 | K53: 167.7 | L53: 170.1 | M53: 171.7 | N53: 172.6 | O53: 173.4 | P53: 174.3 | Q53: 175.3 | R53: 176.7 | S53: 176.5 | T53: 175.7 | U53: 176.5 | V53: 177.2 | W53: 177.2 | X53: 178.1 | Y53: 179.1
A54: Health | B54: 166.3 | C54: 167 | D54: 168.4 | E54: 168.4 | F54: 169.1 | G54: 169.9 | H54: 170.6 | I54: 171.4 | J54: 172.2 | K54: 173 | L54: 174 | M54: 174.8 | N54: 175.4 | O54: 176.1 | P54: 176.8 | Q54: 177.8 | R54: 178.7 | S54: 179.8 | T54: 181.1 | U54: 182.3 | V54: 184.4 | W54: 184.4 | X54: 185 | Y54: 185.7
A55: Household goods and services | B55: 154.8 | C55: 155.8 | D55: 157.5 | E55: 157.5 | F55: 158.4 | G55: 159.3 | H55: 160.2 | I55: 161.1 | J55: 161.8 | K55: 162.8 | L55: 164 | M55: 165.2 | N55: 166.4 | O55: 167.4 | P55: 168.5 | Q55: 169.5 | R55: 170.4 | S55: 171.4 | T55: 172.1 | U55: 172.9 | V55: 174.2 | W55: 174.2 | X55: 174.6 | Y55: 175.2
A56: Housing | B56: 160.5 | C56: 161.5 | D56: 162.1 | E56: 162.1 | F56: 163.6 | G56: 164.2 | H56: 163.4 | I56: 164.5 | J56: 165.5 | K56: 165.3 | L56: 167 | M56: 167.5 | N56: 166.8 | O56: 167.8 | P56: 169 | Q56: 169.5 | R56: 171.2 | S56: 171.8 | T56: 170.7 | U56: 172.1 | V56: 173.5 | W56: 173.5 | X56: 175.2 | Y56: 175.6
A57: Meat and fish | B57: 202 | C57: 206.8 | D57: 204 | E57: 204 | F57: 204.6 | G57: 201.6 | H57: 198.8 | I57: 198.7 | J57: 200.6 | K57: 210.7 | L57: 211.8 | M57: 217 | N57: 219.4 | O57: 213 | P57: 206.5 | Q57: 209.2 | R57: 210.9 | S57: 209.4 | T57: 209 | U57: 210.7 | V57: 207.7 | W57: 207.7 | X57: 209.3 | Y57: 214.3
... A70: Vegetables | B70: 155.4 | C70: 164.2 | D70: 162.2 | E70: 162.3 | F70: 185.3 | G70: 199.2 | H70: 188.3 | I70: 174.3 | J70: 169.7 | K70: 166.9 | L70: 166.2 | M70: 174.9 | N70: 182.3 | O70: 182.1 | P70: 186.7 | Q70: 191.8 | R70: 199.7 | S70: 183.1 | T70: 159.9 | U70: 153.9 | V70: 152.7 | W70: 152.8 | X70: 155.4 | Y70: 161
A73: Categories | B73: Correlation
A74: =_xlfn.CONCAT($A$41," & ",A46," Correlation") -> Crude Oil & Cereals and products Correlation | B74: =CORREL($B$41:$Y$41,B46:Y46) -> -0.04210572
A75: =_xlfn.CONCAT($A$41," & ",A47," Correlation") -> Crude Oil & Clothing Correlation | B75: =CORREL($B$41:$Y$41,B47:Y47) -> 0.19272612
A76: =_xlfn.CONCAT($A$41," & ",A48," Correlation") -> Crude Oil & Education Correlation | B76: =CORREL($B$41:$Y$41,B48:Y48) -> 0.097905305
A77: =_xlfn.CONCAT($A$41," & ",A49," Correlation") -> Crude Oil & Egg Correlation | B77: =CORREL($B$41:$Y$41,B49:Y49) -> -0.51583525
A78: =_xlfn.CONCAT($A$41," & ",A50," Correlation") -> Crude Oil & Footwear Correlation | B78: =CORREL($B$41:$Y$41,B50:Y50) -> 0.24553649
A79: =_xlfn.CONCAT($A$41," & ",A51," Correlation") -> Crude Oil & Fruits Correlation | B79: =CORREL($B$41:$Y$41,B51:Y51) -> 0.35953475
A80: =_xlfn.CONCAT($A$41," & ",A52," Correlation") -> Crude Oil & Fuel and light Correlation | B80: =CORREL($B$41:$Y$41,B52:Y52) -> 0.25348314
A81: =_xlfn.CONCAT($A$41," & ",A53," Correlation") -> Crude Oil & General index Correlation | B81: =CORREL($B$41:$Y$41,B53:Y53) -> 0.22485863
A82: =_xlfn.CONCAT($A$41," & ",A54," Correlation") -> Crude Oil & Health Correlation | B82: =CORREL($B$41:$Y$41,B54:Y54) -> 0.090717483
A83: =_xlfn.CONCAT($A$41," & ",A55," Correlation") -> Crude Oil & Household goods and services Correlation | B83: =CORREL($B$41:$Y$41,B55:Y55) -> 0.16176223
A84: =_xlfn.CONCAT($A$41," & ",A56," Correlation") -> Crude Oil & Housing Correlation | B84: =CORREL($B$41:$Y$41,B56:Y56) -> 0.10280583
A85: =_xlfn.CONCAT($A$41," & ",A57," Correlation") -> Crude Oil & Meat and fish Correlation | B85: =CORREL($B$41:$Y$41,B57:Y57) -> 0.61341092
... A98: =_xlfn.CONCAT($A$41," & ",A70," Correlation") -> Crude Oil & Vegetables Correlation | B98: =CORREL($B$41:$Y$41,B70:Y70) -> 0.32344938
A100: Findings : As per detail analysis it is found that Oil and Fats have a strong correlation with Cruide Oil as it changes with fluctuation in Cruide Oil Prices.

Sheet Sheet1
A1: 5. Investigate how major global economic events (like imported crude oil price fluctuations) have influenced India's inflation. This can include an analysis of imported goods and their price trends.
A2: • For the purpose of this analysis, focus only on the imported oil price fluctuations for years 2021 to 2023 (Month-on-month
A3: • Identify trends in oil price change with change in inflation prices of all the categories and identify category whose inflation prices strongly changes with fluctuations in imported oil price (Hint: you can use =correl function)
A5: Specific Month
A6: CRUIDE OIL PRICE | B6: 71.982647 | C6: 73.539061 | D6: 69.804724 | E6: 73.130738 | F6: 82.107394 | G6: 80.637301 | H6: 73.298824 | I6: 84.666319 | J6: 94.067715 | K6: 112.87479 | L6: 102.966 | M6: 109.50504 | N6: 116.01139 | O6: 105.49125 | P6: 97.404465 | Q6: 90.706345 | R6: 91.698949 | S6: 87.552266 | T6: 78.100942 | U6: 80.92227 | V6: 82.278707 | W6: 78.53948 | X6: 83.755358 | Y6: 74.981548
